,prodA,prodB
0,1,1
1,1,1
2,1,1
3,1,1
4,1,0
5,0,1
6,1,0
7,1,0
8,0,1
9,0,1
10,0,0
11,1,1
12,1,1
13,1,0
14,0,0
15,0,1
16,1,1
17,1,0
18,1,1
19,1,1
20,0,0
21,0,1
22,1,0
23,1,0
24,1,0
25,0,1
26,0,0
27,1,1
28,1,1
29,0,0
30,0,0
31,0,0
32,1,0
33,1,1
34,0,1
35,1,1
36,1,0
37,0,1
38,1,0
39,1,1
40,1,0
41,0,1
42,1,0
43,1,0
44,0,1
45,1,1
46,0,0
47,1,1
48,0,1
49,0,1
50,1,0
51,0,0
52,1,1
53,1,0
54,1,1
55,1,0
56,0,1
57,0,0
58,1,0
59,1,0
60,1,1
61,1,1
62,1,1
63,1,1
64,1,1
65,0,1
66,1,0
67,0,1
68,0,1
69,1,1
70,0,1
71,1,1
72,1,1
73,1,1
74,1,0
75,0,0
76,1,1
77,0,1
78,0,0
79,1,1
80,1,1
81,0,0
82,0,0
83,1,0
84,1,1
85,1,0
86,0,1
87,1,1
88,1,1
89,0,1
90,1,1
91,1,1
92,1,0
93,1,0
94,0,1
95,1,1
96,0,0
97,1,1
98,0,1
99,0,1
100,0,1
101,0,0
102,1,0
103,1,1
104,1,1
105,1,1
106,0,0
107,0,1
108,0,0
109,0,0
110,1,1
111,0,0
112,1,1
113,0,0
114,0,0
115,1,1
116,0,1
117,0,1
118,1,0
119,1,0
120,1,0
121,1,1
122,1,0
123,1,0
124,0,0
125,1,1
126,1,1
127,1,0
128,0,0
129,1,1
130,1,1
131,0,1
132,0,1
133,1,1
134,0,1
135,0,0
136,1,1
137,0,1
138,1,0
139,0,0
140,1,0
141,1,1
142,1,1
143,1,1
144,1,0
145,0,1
146,0,0
147,1,1
148,1,1
149,0,1
150,0,0
151,1,1
152,0,1
153,1,1
154,1,1
155,1,1
156,0,0
157,1,1
158,0,1
159,0,0
160,1,1
161,1,0
162,1,0
163,1,1
164,1,1
165,1,0
166,1,0
167,1,1
168,0,0
169,1,1
170,1,0
171,1,1
172,1,1
173,0,0
174,0,1
175,0,1
176,1,1
177,1,0
178,1,1
179,0,1
180,1,0
181,0,1
182,1,0
183,1,0
184,1,1
185,1,0
186,1,0
187,1,0
188,0,1
189,1,1
190,1,0
191,0,0
192,1,1
193,0,1
194,0,0
195,0,1
196,1,0
197,1,0
198,1,1
199,1,0
200,0,1
201,0,0
202,0,1
203,0,0
204,1,1
205,0,1
206,0,1
207,0,0
208,0,0
209,1,1
210,0,1
211,1,0
212,0,1
213,0,1
214,1,1
215,0,0
216,0,0
217,1,1
218,0,1
219,1,1
220,1,1
221,0,0
222,1,0
223,1,1
224,1,1
225,1,0
226,0,1
227,1,0
228,1,1
229,1,0
230,0,0
231,1,1
232,0,1
233,1,0
234,1,1
235,1,1
236,0,1
237,1,1
238,1,0
239,1,0
240,0,1
241,1,0
242,1,1
243,0,1
244,1,1
245,1,1
246,1,0
247,1,1
248,0,1
249,1,1
250,1,1
251,1,1
252,1,1
253,1,0
254,0,0
255,0,0
256,1,1
257,1,1
258,1,1
259,0,0
260,1,0
261,1,0
262,1,1
263,1,0
264,1,1
265,0,0
266,1,1
267,1,1
268,1,0
269,0,1
270,1,1
271,1,1
272,1,1
273,0,0
274,1,1
275,1,0
276,1,1
277,1,1
278,0,1
279,0,1
280,1,1
281,1,0
282,1,1
283,0,1
284,0,1
285,1,1
286,1,0
287,1,1
288,0,1
289,0,1
290,1,1
291,1,1
292,1,1
293,1,1
294,0,0
295,1,1
296,1,1
297,0,0
298,1,1
299,1,0
300,1,1
301,1,0
302,1,1
303,1,1
304,1,1
305,1,1
306,1,1
307,1,0
308,0,1
309,0,1
310,0,1
311,1,1
312,1,0
313,1,1
314,1,0
315,1,1
316,1,0
317,1,1
318,1,1
319,1,1
320,1,0
321,0,0
322,0,1
323,1,0
324,1,1
325,1,1
326,1,1
327,1,1
328,0,0
329,1,0
330,0,1
331,1,1
332,0,0
333,1,1
334,0,0
335,1,0
336,1,0
337,1,0
338,0,0
339,1,0
340,1,1
341,1,0
342,1,0
343,1,1
344,1,0
345,1,1
346,1,1
347,1,0
348,1,0
349,0,1
350,0,1
351,1,0
352,1,1
353,0,0
354,1,1
355,0,1
356,0,1
357,1,0
358,0,1
359,1,1
360,1,1
361,0,1
362,0,1
363,0,0
364,0,1
365,1,1
366,1,0
367,1,1
368,1,1
369,0,0
370,1,1
371,1,1
372,0,1
373,1,0
374,1,1
375,0,0
376,0,1
377,0,1
378,0,0
379,0,1
380,0,0
381,1,1
382,1,0
383,0,0
384,1,1
385,1,0
386,0,0
387,0,1
388,0,0
389,0,0
390,0,0
391,0,1
392,0,1
393,0,1
394,0,1
395,0,0
396,0,1
397,0,1
398,1,0
399,1,0
400,1,1
401,0,1
402,1,1
403,0,1
404,1,0
405,1,1
406,1,1
407,1,1
408,0,0
409,1,0
410,0,1
411,1,0
412,0,1
413,1,0
414,1,0
415,0,0
416,0,1
417,1,0
418,0,0
419,1,1
420,0,1
421,1,1
422,0,1
423,1,0
424,0,1
425,1,0
426,1,1
427,1,1
428,0,1
429,1,1
430,0,0
431,0,0
432,0,1
433,0,0
434,1,1
435,1,1
436,1,1
437,0,1
438,1,0
439,1,1
440,0,0
441,0,0
442,1,1
443,0,1
444,0,0
445,0,1
446,1,1
447,1,1
448,1,1
449,1,1
450,0,1
451,0,1
452,0,1
453,1,1
454,1,1
455,1,0
456,1,0
457,0,1
458,1,0
459,0,1
460,0,0
461,1,1
462,0,1
463,1,1
464,0,1
465,1,1
466,0,0
467,0,1
468,1,1
469,0,0
470,0,1
471,0,0
472,1,1
473,0,1
474,1,1
475,1,1
476,1,0
477,1,1
478,0,0
479,0,1
480,1,1
481,0,1
482,0,1
483,0,0
484,0,1
485,1,1
486,1,1
487,1,1
488,0,1
489,0,0
490,1,0
491,1,0
492,0,0
493,0,0
494,1,0
495,1,1
496,1,1
497,0,1
498,1,0
499,0,0
500,1,0
501,0,1
502,1,0
503,0,0
504,0,0
505,1,1
506,1,1
507,1,1
508,0,0
509,0,1
510,1,1
511,0,1
512,1,1
513,0,0
514,0,1
515,0,1
516,1,1
517,1,1
518,1,1
519,1,1
520,1,0
521,1,1
522,1,0
523,1,1
524,1,1
525,0,1
526,1,1
527,1,0
528,0,0
529,0,1
530,1,0
531,1,1
532,0,0
533,0,0
534,1,0
535,0,0
536,0,1
537,1,1
538,1,0
539,0,0
540,1,0
541,1,1
542,0,0
543,0,0
544,1,1
545,1,1
546,1,0
547,0,1
548,0,1
549,0,0
550,1,1
551,0,1
552,0,1
553,1,1
554,1,0
555,1,0
556,1,1
557,0,1
558,1,0
559,1,0
560,0,0
561,0,1
562,0,1
563,1,1
564,0,1
565,1,1
566,1,1
567,0,1
568,1,1
569,1,0
570,1,0
571,0,1
572,1,0
573,0,0
574,1,1
575,0,1
576,0,1
577,0,1
578,1,0
579,1,1
580,1,1
581,0,1
582,1,1
583,1,1
584,1,0
585,0,0
586,1,1
587,0,1
588,0,0
589,0,1
590,1,0
591,1,1
592,1,1
593,1,1
594,1,1
595,1,0
596,1,1
597,0,0
598,1,1
599,0,0
600,0,1
601,0,1
602,1,0
603,1,1
604,0,0
605,0,1
606,0,0
607,0,0
608,1,0
609,1,0
610,0,0
611,0,1
612,0,1
613,0,1
614,1,0
615,1,1
616,1,1
617,0,1
618,0,1
619,0,1
620,1,1
621,0,1
622,0,1
623,1,0
624,0,1
625,0,0
626,1,1
627,0,1
628,1,1
629,1,0
630,0,0
631,1,0
632,0,1
633,0,1
634,1,1
635,1,0
636,1,1
637,1,1
638,0,1
639,1,0
640,1,1
641,1,0
642,0,0
643,1,0
644,0,0
645,1,0
646,0,1
647,0,1
648,0,1
649,0,0
650,1,0
651,1,1
652,0,1
653,1,1
654,0,1
655,1,1
656,1,1
657,0,1
658,1,0
659,1,0
660,0,1
661,0,0
662,1,1
663,0,0
664,0,0
665,0,0
666,0,1
667,0,0
668,1,1
669,1,1
670,0,1
671,1,1
672,0,1
673,0,0
674,1,1
675,0,1
676,0,1
677,1,1
678,0,0
679,1,0
680,0,1
681,1,0
682,1,0
683,1,1
684,1,1
685,1,1
686,0,0
687,0,0
688,0,0
689,1,1
690,1,1
691,1,0
692,1,1
693,1,1
694,0,1
695,1,1
696,1,1
697,0,1
698,0,0
699,1,0
700,0,1
701,1,1
702,1,1
703,0,0
704,0,0
705,0,0
706,0,0
707,0,0
708,0,1
709,1,1
710,1,1
711,1,1
712,0,1
713,1,1
714,0,1
715,0,0
716,1,1
717,1,0
718,1,1
719,1,0
720,1,0
721,0,1
722,1,0
723,1,1
724,0,1
725,0,1
726,0,1
727,0,1
728,0,0
729,0,1
730,0,0
731,0,0
732,0,0
733,0,1
734,1,1
735,1,1
736,0,1
737,1,1
738,1,0
739,1,1
740,0,1
741,1,1
742,1,1
743,1,0
744,0,0
745,1,0
746,1,1
747,1,1
748,1,0
749,0,1
750,0,0
751,0,0
752,0,1
753,1,1
754,1,0
755,1,1
756,0,1
757,1,1
758,1,0
759,0,1
760,1,1
761,0,0
762,0,1
763,1,1
764,1,1
765,1,0
766,0,1
767,1,1
768,0,0
769,0,0
770,1,1
771,1,1
772,1,1
773,1,1
774,0,1
775,0,0
776,1,0
777,1,1
778,1,1
779,1,0
780,0,0
781,0,1
782,1,0
783,1,1
784,1,1
785,1,1
786,1,0
787,1,1
788,1,1
789,1,1
790,1,1
791,1,1
792,0,0
793,1,0
794,1,0
795,0,1
796,0,0
797,1,1
798,1,1
799,1,1
800,1,1
801,1,1
802,0,0
803,1,0
804,1,0
805,1,0
806,1,1
807,1,0
808,0,1
809,1,0
810,1,1
811,0,1
812,0,1
813,0,1
814,0,1
815,1,0
816,0,1
817,0,0
818,1,1
819,0,1
820,1,1
821,0,0
822,1,1
823,0,1
824,1,1
825,1,1
826,1,0
827,0,1
828,1,0
829,0,0
830,1,0
831,1,1
832,1,0
833,1,1
834,0,1
835,1,1
836,0,0
837,1,1
838,0,1
839,1,0
840,1,0
841,0,1
842,1,1
843,1,0
844,0,1
845,0,1
846,1,1
847,0,0
848,1,1
849,1,0
850,1,0
851,1,1
852,1,1
853,0,0
854,1,0
855,1,1
856,1,1
857,0,1
858,0,1
859,0,1
860,0,0
861,1,1
862,0,0
863,0,1
864,1,1
865,1,1
866,1,0
867,0,0
868,1,0
869,0,1
870,1,0
871,1,1
872,1,1
873,1,1
874,0,1
875,0,1
876,1,0
877,1,1
878,1,1
879,0,0
880,1,0
881,0,0
882,1,1
883,1,0
884,1,1
885,1,1
886,1,0
887,0,1
888,1,0
889,0,0
890,0,1
891,0,0
892,0,0
893,0,1
894,0,0
895,0,1
896,0,1
897,0,1
898,0,0
899,1,0
900,1,1
901,0,1
902,0,0
903,0,1
904,1,1
905,0,0
906,0,0
907,1,1
908,1,0
909,1,1
910,1,0
911,1,0
912,1,0
913,1,1
914,0,0
915,0,1
916,1,0
917,0,1
918,1,0
919,0,0
920,1,1
921,0,1
922,0,1
923,0,1
924,1,1
925,1,0
926,1,1
927,0,1
928,0,0
929,0,1
930,1,1
931,0,0
932,0,0
933,0,1
934,1,0
935,0,1
936,0,0
937,1,1
938,0,1
939,1,0
940,0,1
941,0,0
942,1,1
943,1,0
944,1,1
945,0,1
946,0,0
947,1,1
948,1,1
949,1,1
950,1,1
951,1,1
952,1,1
953,1,1
954,1,1
955,1,0
956,1,1
957,1,0
958,1,1
959,1,1
960,1,0
961,1,1
962,1,1
963,0,1
964,1,0
965,1,1
966,1,1
967,1,1
968,0,1
969,0,0
970,1,0
971,1,1
972,0,1
973,1,1
974,0,1
975,1,1
976,0,1
977,1,1
978,1,1
979,1,0
980,1,0
981,0,0
982,1,0
983,0,1
984,1,0
985,1,1
986,1,0
987,0,1
988,0,1
989,1,0
990,1,1
991,0,0
992,1,1
993,1,1
994,1,1
995,0,0
996,0,1
997,1,0
998,1,0
999,0,1
1000,0,1
1001,1,0
1002,0,1
1003,0,1
1004,1,1
1005,1,0
1006,1,1
1007,1,0
1008,1,1
1009,1,1
1010,1,1
1011,0,1
1012,0,1
1013,1,1
1014,0,1
1015,1,1
1016,1,1
1017,1,1
1018,0,1
1019,0,0
1020,0,1
1021,1,1
1022,0,1
1023,0,1
1024,1,0
1025,0,0
1026,1,1
1027,0,1
1028,1,1
1029,0,1
1030,1,1
1031,0,1
1032,1,1
1033,1,0
1034,1,1
1035,1,1
1036,0,0
1037,1,0
1038,0,0
1039,1,1
1040,1,0
1041,1,0
1042,1,0
1043,1,0
1044,0,0
1045,0,0
1046,0,1
1047,1,1
1048,0,1
1049,1,1
1050,0,1
1051,1,0
1052,1,1
1053,0,1
1054,1,0
1055,0,1
1056,0,0
1057,1,0
1058,1,1
1059,1,1
1060,0,1
1061,0,0
1062,1,1
1063,0,1
1064,1,0
1065,1,1
1066,1,0
1067,0,1
1068,1,1
1069,1,1
1070,0,0
1071,0,0
1072,1,0
1073,0,0
1074,1,1
1075,1,1
1076,0,1
1077,0,1
1078,0,1
1079,0,0
1080,1,1
1081,1,1
1082,1,1
1083,1,0
1084,0,0
1085,0,1
1086,0,1
1087,0,0
1088,1,0
1089,1,1
1090,1,1
1091,1,1
1092,0,1
1093,1,1
1094,0,1
1095,1,0
1096,0,0
1097,0,0
1098,0,0
1099,0,0
1100,1,0
1101,0,0
1102,1,0
1103,1,1
1104,1,1
1105,1,1
1106,1,0
1107,1,0
1108,1,1
1109,1,1
1110,1,1
1111,1,1
1112,1,0
1113,0,1
1114,1,1
1115,1,0
1116,1,1
1117,1,0
1118,1,1
1119,1,0
1120,0,1
1121,1,1
1122,0,1
1123,0,0
1124,1,0
1125,1,0
1126,1,1
1127,0,1
1128,0,1
1129,0,1
1130,0,0
1131,0,0
1132,1,1
1133,1,1
1134,1,0
1135,0,1
1136,1,1
1137,1,0
1138,1,1
1139,0,0
1140,1,0
1141,1,1
1142,0,0
1143,1,1
1144,1,0
1145,0,0
1146,0,0
1147,1,0
1148,0,0
1149,0,0
1150,0,0
1151,1,1
1152,1,1
1153,1,0
1154,1,1
1155,1,1
1156,1,1
1157,1,1
1158,1,0
1159,0,1
1160,1,0
1161,1,0
1162,1,1
1163,1,0
1164,1,1
1165,0,0
1166,1,1
1167,1,0
1168,0,1
1169,1,1
1170,0,1
1171,0,0
1172,0,1
1173,0,1
1174,1,1
1175,1,0
1176,1,1
1177,1,1
1178,1,0
1179,1,1
1180,1,0
1181,1,1
1182,1,0
1183,0,1
1184,1,0
1185,1,0
1186,0,1
1187,0,1
1188,1,0
1189,1,0
1190,0,1
1191,1,0
1192,0,1
1193,1,0
1194,1,1
1195,1,1
1196,0,1
1197,1,1
1198,1,1
1199,1,1
1200,1,1
1201,0,1
1202,0,1
1203,1,0
1204,1,0
1205,0,0
1206,1,0
1207,1,1
1208,0,0
1209,0,0
1210,1,1
1211,1,1
1212,0,0
1213,1,1
1214,0,1
1215,0,0
1216,1,1
1217,0,1
1218,0,1
1219,1,1
1220,1,1
1221,1,1
1222,0,1
1223,1,0
1224,1,1
1225,1,0
1226,0,1
1227,0,1
1228,1,1
1229,0,0
1230,0,1
1231,0,1
1232,0,0
1233,1,1
1234,0,1
1235,0,1
1236,1,0
1237,1,0
1238,0,1
1239,1,1
1240,0,0
1241,0,1
1242,0,1
1243,1,0
1244,1,1
1245,0,1
1246,0,1
1247,1,0
1248,0,0
1249,0,1
1250,1,1
1251,1,0
1252,0,1
1253,1,0
1254,1,0
1255,0,0
1256,0,1
1257,1,1
1258,1,1
1259,0,1
1260,0,1
1261,0,0
1262,1,1
1263,1,1
1264,1,0
1265,1,0
1266,1,0
1267,1,1
1268,0,1
1269,0,1
1270,0,0
1271,1,1
1272,0,0
1273,1,1
1274,1,0
1275,1,0
1276,1,0
1277,0,0
1278,1,0
1279,1,1
1280,0,1
1281,1,1
1282,1,0
1283,0,1
1284,0,0
1285,1,1
1286,1,1
1287,1,1
1288,1,1
1289,1,0
1290,0,1
1291,0,1
1292,0,1
1293,1,1
1294,1,0
1295,0,1
1296,1,1
1297,0,0
1298,0,0
1299,1,0
1300,0,0
1301,0,1
1302,1,1
1303,1,1
1304,1,1
1305,1,0
1306,1,0
1307,1,0
1308,0,1
1309,0,1
1310,1,0
1311,1,0
1312,1,1
1313,0,1
1314,1,0
1315,0,1
1316,1,1
1317,1,1
1318,1,0
1319,1,1
1320,1,0
1321,1,0
1322,0,0
1323,1,0
1324,1,1
1325,1,1
1326,0,0
1327,1,0
1328,0,0
1329,0,1
1330,1,0
1331,1,0
1332,1,1
1333,0,1
1334,1,0
1335,0,0
1336,1,0
1337,1,0
1338,0,0
1339,0,1
1340,1,1
1341,0,0
1342,1,1
1343,1,0
1344,1,0
1345,1,1
1346,1,0
1347,1,1
1348,0,0
1349,0,1
1350,1,0
1351,1,1
1352,0,0
1353,0,0
1354,0,1
1355,0,1
1356,1,0
1357,1,1
1358,0,1
1359,1,1
1360,1,1
1361,1,1
1362,0,1
1363,1,0
1364,1,0
1365,0,0
1366,1,1
1367,1,1
1368,0,1
1369,1,1
1370,1,1
1371,0,1
1372,1,1
1373,0,1
1374,1,1
1375,1,1
1376,0,0
1377,1,1
1378,1,1
1379,1,1
1380,1,0
1381,0,1
1382,1,1
1383,0,1
1384,1,0
1385,0,0
1386,1,1
1387,0,1
1388,1,0
1389,1,1
1390,1,1
1391,0,1
1392,1,1
1393,0,1
1394,1,1
1395,1,1
1396,0,1
1397,1,1
1398,0,0
1399,1,0
1400,1,0
1401,1,1
1402,1,0
1403,1,1
1404,0,1
1405,0,1
1406,0,0
1407,1,0
1408,1,0
1409,1,0
1410,0,1
1411,1,1
1412,0,1
1413,0,0
1414,1,0
1415,0,1
1416,1,0
1417,1,0
1418,0,0
1419,1,1
1420,0,0
1421,1,1
1422,0,1
1423,1,1
1424,1,1
1425,1,1
1426,1,0
1427,0,0
1428,0,1
1429,0,0
1430,1,1
1431,1,0
1432,1,1
1433,0,0
1434,1,1
1435,0,1
1436,0,1
1437,0,0
1438,0,0
1439,0,1
1440,0,1
1441,0,0
1442,1,0
1443,1,1
1444,0,1
1445,1,0
1446,1,1
1447,1,0
1448,0,1
1449,0,1
1450,0,0
1451,0,0
1452,1,1
1453,0,0
1454,1,0
1455,0,1
1456,1,1
1457,1,1
1458,1,1
1459,0,0
1460,1,1
1461,1,0
1462,1,0
1463,1,1
1464,1,0
1465,1,1
1466,1,1
1467,0,1
1468,1,1
1469,1,0
1470,1,0
1471,0,0
1472,0,1
1473,1,1
1474,1,1
1475,0,0
1476,0,0
1477,1,1
1478,0,0
1479,1,0
1480,1,1
1481,0,0
1482,0,1
1483,0,1
1484,0,1
1485,0,0
1486,1,1
1487,1,1
1488,0,0
1489,1,1
1490,0,0
1491,1,1
1492,1,0
1493,1,0
1494,1,0
1495,1,1
1496,0,0
1497,1,0
1498,0,0
1499,1,0
1500,0,1
1501,1,0
1502,1,1
1503,1,1
1504,1,1
1505,0,1
1506,1,0
1507,0,0
1508,1,1
1509,1,0
1510,0,1
1511,0,0
1512,1,1
1513,0,1
1514,0,1
1515,1,1
1516,1,0
1517,0,1
1518,1,1
1519,1,0
1520,1,0
1521,0,1
1522,1,0
1523,0,0
1524,0,1
1525,1,1
1526,1,0
1527,1,1
1528,1,1
1529,1,1
1530,1,1
1531,1,1
1532,1,0
1533,0,1
1534,0,0
1535,0,1
1536,1,1
1537,1,0
1538,1,0
1539,0,0
1540,1,1
1541,1,0
1542,1,1
1543,1,0
1544,1,1
1545,0,1
1546,1,1
1547,1,1
1548,1,1
1549,0,0
1550,1,0
1551,0,1
1552,1,0
1553,0,1
1554,0,0
1555,1,0
1556,1,1
1557,1,1
1558,0,1
1559,1,1
1560,1,1
1561,0,1
1562,1,1
1563,1,0
1564,1,0
1565,1,1
1566,1,1
1567,1,0
1568,1,0
1569,1,1
1570,0,0
1571,0,1
1572,0,0
1573,0,1
1574,1,0
1575,1,0
1576,1,1
1577,0,0
1578,0,0
1579,1,0
1580,1,1
1581,0,0
1582,0,0
1583,0,0
1584,1,1
1585,0,1
1586,0,0
1587,1,0
1588,0,0
1589,1,1
1590,1,1
1591,1,0
1592,1,1
1593,0,0
1594,0,1
1595,1,1
1596,1,1
1597,0,1
1598,1,1
1599,1,0
1600,1,1
1601,0,1
1602,1,0
1603,0,0
1604,1,1
1605,1,1
1606,1,1
1607,0,0
1608,0,0
1609,1,0
1610,1,1
1611,0,0
1612,1,1
1613,1,1
1614,1,0
1615,1,0
1616,0,1
1617,1,1
1618,0,1
1619,1,1
1620,1,0
1621,1,1
1622,1,1
1623,1,0
1624,1,0
1625,0,0
1626,1,0
1627,0,0
1628,0,1
1629,0,0
1630,0,1
1631,0,1
1632,1,0
1633,1,0
1634,1,1
1635,0,1
1636,1,1
1637,1,1
1638,0,0
1639,0,1
1640,1,0
1641,1,0
1642,1,0
1643,1,1
1644,1,0
1645,1,1
1646,1,1
1647,1,1
1648,0,0
1649,1,0
1650,1,1
1651,0,0
1652,0,1
1653,1,1
1654,0,1
1655,1,0
1656,1,0
1657,0,1
1658,1,1
1659,0,1
1660,1,1
1661,1,1
1662,1,1
1663,1,0
1664,1,0
1665,1,1
1666,1,1
1667,1,0
1668,0,1
1669,1,0
1670,1,1
1671,1,0
1672,1,0
1673,1,0
1674,0,0
1675,1,1
1676,0,1
1677,1,1
1678,0,0
1679,1,1
1680,0,0
1681,1,0
1682,0,1
1683,1,0
1684,0,1
1685,1,0
1686,1,1
1687,1,1
1688,1,1
1689,1,0
1690,1,1
1691,1,1
1692,1,1
1693,0,1
1694,1,0
1695,1,0
1696,0,1
1697,0,0
1698,1,1
1699,0,1
1700,0,0
1701,0,0
1702,0,1
1703,0,1
1704,1,1
1705,1,1
1706,1,0
1707,1,1
1708,1,1
1709,1,1
1710,0,0
1711,0,1
1712,0,1
1713,1,1
1714,1,1
1715,1,0
1716,1,0
1717,1,0
1718,1,1
1719,0,1
1720,1,1
1721,1,1
1722,1,0
1723,0,1
1724,1,1
1725,1,1
1726,0,1
1727,1,0
1728,0,0
1729,0,0
1730,0,1
1731,0,1
1732,0,1
1733,1,0
1734,1,1
1735,1,1
1736,0,0
1737,1,1
1738,1,1
1739,1,1
1740,1,0
1741,0,0
1742,1,1
1743,1,1
1744,0,1
1745,0,1
1746,1,0
1747,0,1
1748,0,0
1749,0,1
1750,0,1
1751,1,1
1752,1,1
1753,1,0
1754,0,1
1755,1,1
1756,1,1
1757,1,0
1758,0,1
1759,1,0
1760,0,0
1761,1,0
1762,1,1
1763,0,1
1764,1,1
1765,0,1
1766,0,1
1767,1,1
1768,0,1
1769,1,1
1770,1,1
1771,0,1
1772,1,1
1773,0,1
1774,0,0
1775,1,1
1776,0,0
1777,1,1
1778,1,1
1779,1,0
1780,1,1
1781,1,1
1782,0,0
1783,0,0
1784,1,1
1785,1,0
1786,0,1
1787,0,1
1788,0,1
1789,1,0
1790,0,1
1791,0,0
1792,1,1
1793,1,0
1794,1,0
1795,0,1
1796,1,1
1797,1,0
1798,0,0
1799,0,1
1800,1,1
1801,0,1
1802,1,1
1803,0,0
1804,0,0
1805,1,0
1806,1,1
1807,0,1
1808,1,1
1809,0,0
1810,1,1
1811,1,1
1812,1,1
1813,1,1
1814,0,0
1815,0,1
1816,0,1
1817,1,0
1818,1,1
1819,1,1
1820,1,1
1821,1,1
1822,1,1
1823,1,1
1824,0,0
1825,1,0
1826,0,1
1827,0,1
1828,1,0
1829,0,1
1830,1,1
1831,1,0
1832,1,0
1833,0,1
1834,1,1
1835,0,1
1836,0,1
1837,1,0
1838,0,1
1839,0,1
1840,0,1
1841,1,1
1842,0,1
1843,1,0
1844,1,1
1845,0,1
1846,0,0
1847,0,1
1848,1,0
1849,0,1
1850,1,1
1851,1,0
1852,1,1
1853,1,1
1854,1,1
1855,1,1
1856,0,1
1857,1,1
1858,1,0
1859,0,0
1860,0,1
1861,0,1
1862,1,0
1863,0,0
1864,1,0
1865,1,0
1866,1,1
1867,1,1
1868,0,0
1869,1,1
1870,1,1
1871,1,0
1872,1,1
1873,0,1
1874,0,0
1875,0,1
1876,1,1
1877,0,1
1878,1,1
1879,0,1
1880,0,0
1881,1,1
1882,1,0
1883,1,1
1884,1,1
1885,0,1
1886,0,1
1887,0,1
1888,1,1
1889,1,1
1890,0,0
1891,0,1
1892,0,1
1893,1,1
1894,1,0
1895,0,1
1896,1,1
1897,0,1
1898,0,1
1899,1,0
1900,1,1
1901,1,1
1902,1,0
1903,1,0
1904,0,0
1905,1,1
1906,0,0
1907,1,1
1908,0,0
1909,1,1
1910,0,1
1911,0,0
1912,0,0
1913,1,0
1914,0,1
1915,1,0
1916,1,1
1917,0,0
1918,1,0
1919,1,1
1920,1,0
1921,0,1
1922,1,1
1923,1,1
1924,1,0
1925,0,1
1926,1,1
1927,0,1
1928,1,0
1929,0,0
1930,0,1
1931,0,0
1932,1,1
1933,1,1
1934,0,1
1935,1,1
1936,1,0
1937,0,1
1938,1,1
1939,1,1
1940,1,1
1941,0,1
1942,1,0
1943,1,0
1944,1,0
1945,0,1
1946,0,0
1947,0,0
1948,1,1
1949,1,0
1950,1,0
1951,1,0
1952,1,0
1953,1,1
1954,1,1
1955,0,1
1956,1,0
1957,1,0
1958,0,0
1959,1,1
1960,0,1
1961,1,1
1962,0,1
1963,0,0
1964,0,0
1965,0,0
1966,1,0
1967,1,1
1968,0,1
1969,0,0
1970,0,1
1971,1,1
1972,0,1
1973,1,1
1974,1,1
1975,1,1
1976,0,0
1977,1,0
1978,0,1
1979,0,1
1980,1,1
1981,0,1
1982,1,1
1983,1,1
1984,1,1
1985,1,1
1986,0,0
1987,1,1
1988,0,0
1989,0,0
1990,0,1
1991,0,0
1992,0,1
1993,0,1
1994,1,1
1995,1,1
1996,1,1
1997,0,1
1998,0,1
1999,1,0
2000,1,1
2001,0,1
2002,1,1
2003,0,1
2004,1,1
2005,1,0
2006,0,1
2007,1,0
2008,0,1
2009,1,1
2010,1,0
2011,1,1
2012,1,1
2013,1,1
2014,1,1
2015,1,0
2016,0,1
2017,1,1
2018,0,0
2019,0,1
2020,1,0
2021,1,0
2022,0,1
2023,1,1
2024,1,1
2025,0,0
2026,1,1
2027,1,1
2028,0,1
2029,1,1
2030,0,1
2031,1,1
2032,0,1
2033,1,0
2034,0,0
2035,1,1
2036,1,1
2037,0,0
2038,1,0
2039,1,1
2040,0,0
2041,1,0
2042,1,0
2043,0,0
2044,0,1
2045,1,1
2046,1,0
2047,1,1
2048,1,1
2049,1,0
2050,0,0
2051,1,0
2052,1,1
2053,0,1
2054,1,0
2055,1,1
2056,0,0
2057,1,1
2058,0,0
2059,1,0
2060,1,1
2061,1,1
2062,1,1
2063,1,0
2064,1,1
2065,0,1
2066,1,0
2067,1,1
2068,0,0
2069,0,0
2070,1,0
2071,1,1
2072,1,0
2073,0,1
2074,0,1
2075,0,0
2076,1,1
2077,1,0
2078,0,1
2079,1,1
2080,1,1
2081,1,1
2082,1,1
2083,1,1
2084,0,0
2085,1,0
2086,1,0
2087,1,0
2088,0,1
2089,1,0
2090,0,0
2091,0,1
2092,0,1
2093,1,0
2094,1,0
2095,0,0
2096,0,0
2097,1,1
2098,1,1
2099,0,1
2100,0,1
2101,1,0
2102,0,0
2103,0,0
2104,0,1
2105,1,1
2106,0,0
2107,0,0
2108,0,1
2109,1,0
2110,1,0
2111,0,0
2112,1,1
2113,0,1
2114,1,1
2115,0,0
2116,1,1
2117,0,1
2118,1,0
2119,1,0
2120,1,0
2121,0,0
2122,1,0
2123,0,1
2124,0,0
2125,1,1
2126,1,1
2127,1,0
2128,0,1
2129,1,1
2130,1,1
2131,1,1
2132,0,1
2133,1,1
2134,1,0
2135,0,1
2136,0,1
2137,1,0
2138,0,0
2139,1,0
2140,0,0
2141,0,1
2142,1,1
2143,0,0
2144,0,1
2145,1,0
2146,1,0
2147,1,1
2148,0,1
2149,1,1
2150,1,0
2151,1,1
2152,1,1
2153,1,1
2154,0,1
2155,0,1
2156,1,1
2157,0,1
2158,0,1
2159,1,1
2160,1,0
2161,1,1
2162,1,1
2163,1,0
2164,1,0
2165,1,1
2166,1,1
2167,1,0
2168,0,0
2169,1,1
2170,1,0
2171,1,1
2172,1,1
2173,0,1
2174,1,1
2175,0,1
2176,1,0
2177,1,1
2178,1,0
2179,1,1
2180,1,1
2181,1,1
2182,0,1
2183,0,1
2184,1,1
2185,0,0
2186,0,1
2187,1,1
2188,1,0
2189,1,1
2190,1,0
2191,1,1
2192,0,1
2193,1,1
2194,0,1
2195,1,0
2196,1,0
2197,1,0
2198,0,0
2199,1,1
2200,0,0
2201,0,1
2202,1,1
2203,1,1
2204,1,0
2205,1,0
2206,0,1
2207,0,0
2208,0,1
2209,1,1
2210,1,1
2211,1,1
2212,1,1
2213,1,1
2214,1,1
2215,1,1
2216,0,0
2217,1,1
2218,1,0
2219,1,0
2220,1,1
2221,0,1
2222,0,1
2223,0,1
2224,1,0
2225,1,0
2226,0,1
2227,1,0
2228,1,1
2229,1,0
2230,0,1
2231,1,1
2232,0,1
2233,0,0
2234,0,1
2235,0,1
2236,1,1
2237,0,0
2238,1,0
2239,0,1
2240,1,1
2241,0,1
2242,0,0
2243,1,0
2244,1,1
2245,0,1
2246,1,0
2247,1,0
2248,0,0
2249,0,0
2250,1,1
2251,0,1
2252,0,1
2253,1,1
2254,1,1
2255,1,1
2256,1,1
2257,0,0
2258,1,1
2259,0,0
2260,0,1
2261,1,1
2262,0,1
2263,1,0
2264,0,0
2265,1,0
2266,0,1
2267,1,0
2268,1,0
2269,0,0
2270,1,1
2271,1,0
2272,0,0
2273,1,1
2274,1,0
2275,0,1
2276,0,1
2277,1,1
2278,1,0
2279,1,1
2280,1,0
2281,1,0
2282,0,0
2283,1,0
2284,1,0
2285,1,1
2286,0,0
2287,1,1
2288,1,1
2289,1,0
2290,0,1
2291,0,1
2292,1,1
2293,0,1
2294,0,1
2295,1,1
2296,1,1
2297,0,1
2298,1,0
2299,0,0
2300,1,0
2301,0,1
2302,0,1
2303,0,1
2304,1,1
2305,1,1
2306,1,1
2307,0,1
2308,1,1
2309,0,1
2310,0,0
2311,1,1
2312,0,0
2313,1,1
2314,0,0
2315,0,0
2316,1,1
2317,0,0
2318,1,1
2319,0,0
2320,0,1
2321,0,0
2322,1,1
2323,1,0
2324,1,1
2325,1,1
2326,1,1
2327,1,1
2328,0,0
2329,1,1
2330,0,0
2331,1,1
2332,1,1
2333,1,0
2334,0,1
2335,1,1
2336,0,0
2337,0,1
2338,0,1
2339,1,1
2340,0,0
2341,1,1
2342,0,1
2343,1,1
2344,1,0
2345,0,1
2346,1,0
2347,1,1
2348,1,1
2349,1,1
2350,0,0
2351,0,0
2352,0,0
2353,1,1
2354,0,0
2355,1,0
2356,1,1
2357,1,1
2358,0,1
2359,1,1
2360,0,0
2361,0,1
2362,1,1
2363,1,1
2364,1,0
2365,0,0
2366,0,1
2367,0,0
2368,0,1
2369,1,1
2370,1,1
2371,1,0
2372,0,0
2373,1,1
2374,1,1
2375,0,1
2376,1,0
2377,1,0
2378,1,0
2379,0,1
2380,1,0
2381,1,0
2382,1,1
2383,1,1
2384,0,1
2385,0,0
2386,0,1
2387,1,0
2388,1,1
2389,0,0
2390,1,1
2391,1,1
2392,1,1
2393,1,1
2394,1,1
2395,0,1
2396,1,1
2397,0,0
2398,0,1
2399,1,1
2400,1,1
2401,0,1
2402,1,0
2403,1,1
2404,1,1
2405,1,1
2406,1,1
2407,0,0
2408,1,0
2409,1,1
2410,0,0
2411,0,1
2412,0,1
2413,0,1
2414,1,1
2415,0,1
2416,1,1
2417,1,1
2418,0,1
2419,1,0
2420,0,1
2421,0,1
2422,1,0
2423,0,1
2424,0,1
2425,0,0
2426,1,1
2427,0,1
2428,1,1
2429,0,1
2430,0,0
2431,0,1
2432,0,1
2433,1,1
2434,1,0
2435,0,1
2436,1,0
2437,0,0
2438,0,0
2439,1,0
2440,1,0
2441,0,0
2442,0,0
2443,0,1
2444,1,1
2445,1,1
2446,1,1
2447,0,1
2448,1,1
2449,1,1
2450,1,0
2451,0,1
2452,1,1
2453,0,0
2454,0,0
2455,1,0
2456,1,1
2457,1,1
2458,0,0
2459,1,0
2460,0,1
2461,1,1
2462,0,1
2463,1,1
2464,0,0
2465,0,1
2466,0,0
2467,1,1
2468,0,1
2469,1,0
2470,1,1
2471,0,1
2472,0,1
2473,0,0
2474,1,1
2475,0,0
2476,0,1
2477,1,1
2478,1,0
2479,1,0
2480,1,1
2481,1,0
2482,1,1
2483,1,1
2484,1,0
2485,1,1
2486,0,1
2487,1,1
2488,1,0
2489,0,1
2490,0,0
2491,1,0
2492,1,1
2493,1,0
2494,1,1
2495,1,0
2496,1,1
2497,1,0
2498,1,1
2499,0,1
2500,1,1
2501,0,0
2502,1,1
2503,1,1
2504,1,0
2505,1,0
2506,1,1
2507,1,0
2508,1,0
2509,1,1
2510,0,0
2511,1,1
2512,0,0
2513,1,1
2514,0,0
2515,1,1
2516,1,0
2517,0,0
2518,1,1
2519,0,1
2520,1,1
2521,1,0
2522,0,1
2523,0,1
2524,0,0
2525,1,1
2526,1,1
2527,0,0
2528,0,0
2529,1,0
2530,1,1
2531,0,0
2532,1,0
2533,1,1
2534,1,1
2535,1,1
2536,0,0
2537,1,0
2538,1,0
2539,1,0
2540,1,1
2541,1,1
2542,1,0
2543,1,0
2544,1,0
2545,1,0
2546,0,1
2547,0,1
2548,1,1
2549,1,0
2550,1,1
2551,1,1
2552,1,0
2553,0,0
2554,0,1
2555,0,0
2556,0,1
2557,0,1
2558,1,1
2559,1,0
2560,1,0
2561,1,1
2562,1,0
2563,1,0
2564,1,1
2565,1,0
2566,1,1
2567,0,0
2568,0,1
2569,0,1
2570,1,1
2571,1,0
2572,0,0
2573,1,1
2574,1,1
2575,0,1
2576,1,0
2577,0,1
2578,1,1
2579,1,0
2580,0,1
2581,0,1
2582,1,0
2583,1,1
2584,1,1
2585,1,0
2586,0,0
2587,1,0
2588,1,0
2589,1,0
2590,1,0
2591,1,0
2592,1,0
2593,1,0
2594,1,1
2595,0,1
2596,0,0
2597,1,0
2598,0,0
2599,0,0
2600,0,0
2601,1,0
2602,1,1
2603,1,1
2604,1,0
2605,0,1
2606,1,0
2607,1,0
2608,1,0
2609,0,0
2610,0,1
2611,0,1
2612,0,0
2613,0,1
2614,1,1
2615,1,1
2616,0,1
2617,0,1
2618,0,1
2619,1,1
2620,1,1
2621,1,1
2622,0,0
2623,0,1
2624,1,0
2625,1,1
2626,0,1
2627,0,1
2628,0,0
2629,1,0
2630,0,1
2631,1,0
2632,1,1
2633,1,1
2634,0,1
2635,1,1
2636,0,0
2637,1,0
2638,0,1
2639,1,0
2640,1,0
2641,0,0
2642,0,1
2643,1,1
2644,1,1
2645,0,1
2646,1,0
2647,1,0
2648,1,1
2649,0,1
2650,0,1
2651,1,0
2652,1,1
2653,1,1
2654,1,0
2655,1,1
2656,0,0
2657,1,1
2658,1,0
2659,0,1
2660,1,0
2661,0,1
2662,1,0
2663,0,1
2664,0,1
2665,0,0
2666,1,1
2667,1,1
2668,1,0
2669,1,0
2670,0,1
2671,1,1
2672,1,0
2673,1,1
2674,1,1
2675,1,0
2676,1,1
2677,0,1
2678,1,0
2679,1,0
2680,1,0
2681,1,1
2682,1,0
2683,0,0
2684,0,0
2685,0,0
2686,1,1
2687,1,1
2688,1,1
2689,1,1
2690,1,1
2691,0,1
2692,1,0
2693,1,0
2694,0,0
2695,1,0
2696,0,1
2697,1,0
2698,1,1
2699,1,1
2700,1,1
2701,0,1
2702,0,1
2703,0,1
2704,1,1
2705,1,0
2706,0,1
2707,1,0
2708,0,1
2709,1,0
2710,0,1
2711,1,1
2712,0,1
2713,1,1
2714,1,1
2715,1,1
2716,1,1
2717,1,0
2718,0,1
2719,1,1
2720,0,0
2721,1,0
2722,1,1
2723,0,1
2724,0,1
2725,1,0
2726,1,0
2727,0,1
2728,1,0
2729,0,1
2730,1,0
2731,1,0
2732,0,0
2733,1,0
2734,1,0
2735,0,0
2736,0,0
2737,1,1
2738,1,1
2739,1,1
2740,1,0
2741,1,0
2742,1,1
2743,0,0
2744,1,1
2745,1,0
2746,0,1
2747,0,1
2748,0,1
2749,1,1
2750,1,0
2751,0,1
2752,0,1
2753,1,0
2754,1,0
2755,1,0
2756,0,1
2757,1,1
2758,0,0
2759,1,0
2760,0,1
2761,0,1
2762,1,0
2763,1,0
2764,1,1
2765,1,1
2766,1,1
2767,0,0
2768,0,0
2769,0,0
2770,1,1
2771,1,1
2772,1,1
2773,1,0
2774,1,0
2775,0,1
2776,1,1
2777,0,0
2778,1,0
2779,1,1
2780,1,1
2781,1,1
2782,1,1
2783,0,0
2784,0,1
2785,1,1
2786,0,0
2787,1,1
2788,0,1
2789,1,1
2790,1,1
2791,0,0
2792,1,0
2793,0,1
2794,1,0
2795,1,1
2796,0,1
2797,0,1
2798,1,1
2799,1,0
2800,0,1
2801,1,0
2802,1,1
2803,1,1
2804,1,1
2805,0,1
2806,1,0
2807,1,0
2808,1,1
2809,0,1
2810,1,1
2811,0,1
2812,1,1
2813,0,1
2814,0,0
2815,0,0
2816,1,1
2817,0,1
2818,1,0
2819,1,1
2820,0,0
2821,1,1
2822,1,0
2823,1,0
2824,1,1
2825,0,1
2826,0,0
2827,0,1
2828,1,0
2829,1,0
2830,1,1
2831,1,0
2832,0,1
2833,0,0
2834,0,1
2835,1,0
2836,1,1
2837,1,1
2838,1,0
2839,0,0
2840,1,1
2841,1,1
2842,1,1
2843,0,1
2844,1,0
2845,1,1
2846,1,1
2847,0,1
2848,0,0
2849,1,0
2850,1,1
2851,0,1
2852,1,1
2853,1,1
2854,1,1
2855,0,0
2856,0,0
2857,1,0
2858,0,1
2859,1,1
2860,1,0
2861,1,1
2862,0,1
2863,1,1
2864,0,0
2865,0,1
2866,1,0
2867,0,1
2868,0,1
2869,1,1
2870,1,1
2871,1,0
2872,1,1
2873,1,1
2874,1,1
2875,1,1
2876,1,1
2877,0,0
2878,1,0
2879,1,1
2880,1,0
2881,1,0
2882,1,0
2883,1,1
2884,0,1
2885,1,1
2886,1,1
2887,1,1
2888,0,1
2889,1,1
2890,1,1
2891,0,1
2892,1,0
2893,1,1
2894,0,0
2895,0,1
2896,1,1
2897,1,1
2898,1,0
2899,1,1
2900,1,1
2901,1,1
2902,1,1
2903,1,0
2904,0,0
2905,0,0
2906,0,1
2907,1,1
2908,0,0
2909,1,1
2910,0,1
2911,1,0
2912,1,1
2913,0,1
2914,0,1
2915,1,1
2916,1,1
2917,1,0
2918,1,1
2919,1,0
2920,1,1
2921,1,0
2922,0,0
2923,0,1
2924,1,0
2925,1,1
2926,0,1
2927,0,0
2928,0,0
2929,0,0
2930,1,0
2931,1,1
2932,1,1
2933,1,1
2934,1,1
2935,0,0
2936,0,0
2937,1,1
2938,1,0
2939,1,1
2940,1,1
2941,0,1
2942,1,1
2943,1,0
2944,0,1
2945,1,1
2946,0,0
2947,1,1
2948,0,0
2949,1,0
2950,0,1
2951,1,1
2952,1,1
2953,0,0
2954,0,0
2955,1,0
2956,1,0
2957,1,1
2958,1,1
2959,0,1
2960,1,1
2961,1,0
2962,1,1
2963,0,0
2964,1,1
2965,0,0
2966,1,1
2967,1,1
2968,0,1
2969,1,1
2970,0,1
2971,0,0
2972,0,0
2973,1,1
2974,0,1
2975,1,1
2976,0,0
2977,0,1
2978,1,0
2979,0,1
2980,1,1
2981,1,0
2982,1,1
2983,1,0
2984,0,1
2985,0,1
2986,0,1
2987,0,1
2988,0,0
2989,0,0
2990,1,1
2991,1,1
2992,0,1
2993,0,0
2994,1,1
2995,1,1
2996,0,1
2997,1,1
2998,1,0
2999,0,0
3000,1,1
3001,0,1
3002,1,1
3003,1,1
3004,1,0
3005,0,1
3006,0,0
3007,1,0
3008,1,1
3009,1,1
3010,1,1
3011,0,0
3012,0,1
3013,1,1
3014,0,1
3015,1,1
3016,0,1
3017,1,0
3018,1,1
3019,0,1
3020,1,0
3021,1,0
3022,1,0
3023,0,0
3024,0,0
3025,1,1
3026,0,1
3027,1,1
3028,0,1
3029,0,1
3030,0,1
3031,0,1
3032,1,0
3033,0,0
3034,1,0
3035,1,1
3036,0,1
3037,1,1
3038,0,0
3039,1,0
3040,1,1
3041,1,1
3042,1,0
3043,0,1
3044,1,0
3045,1,1
3046,1,0
3047,0,0
3048,1,0
3049,1,0
3050,1,1
3051,0,1
3052,1,1
3053,1,1
3054,0,1
3055,0,0
3056,1,1
3057,0,1
3058,1,1
3059,1,0
3060,1,1
3061,0,1
3062,0,1
3063,0,0
3064,1,1
3065,1,0
3066,1,0
3067,1,0
3068,1,0
3069,1,1
3070,1,1
3071,1,1
3072,0,1
3073,1,1
3074,1,0
3075,1,1
3076,0,0
3077,1,0
3078,1,0
3079,0,0
3080,0,1
3081,1,1
3082,1,1
3083,1,0
3084,1,1
3085,1,0
3086,0,1
3087,1,1
3088,1,1
3089,1,1
3090,1,0
3091,1,0
3092,0,0
3093,1,0
3094,0,0
3095,0,1
3096,1,0
3097,0,1
3098,1,0
3099,1,1
3100,0,1
3101,1,0
3102,1,1
3103,0,1
3104,0,1
3105,1,1
3106,1,1
3107,0,1
3108,1,0
3109,1,1
3110,0,1
3111,1,1
3112,1,0
3113,0,0
3114,1,1
3115,0,1
3116,0,0
3117,0,1
3118,1,1
3119,1,1
3120,0,0
3121,0,0
3122,0,0
3123,0,1
3124,0,0
3125,1,0
3126,0,1
3127,0,0
3128,0,1
3129,0,0
3130,0,1
3131,1,1
3132,1,1
3133,1,1
3134,1,1
3135,1,1
3136,1,1
3137,1,1
3138,0,0
3139,1,0
3140,1,1
3141,1,1
3142,0,0
3143,1,1
3144,1,0
3145,1,1
3146,1,1
3147,1,1
3148,0,1
3149,0,1
3150,1,1
3151,1,1
3152,1,1
3153,0,0
3154,0,1
3155,1,1
3156,0,0
3157,1,1
3158,1,0
3159,1,0
3160,1,1
3161,1,0
3162,1,0
3163,0,1
3164,0,1
3165,0,1
3166,0,1
3167,1,1
3168,1,0
3169,1,1
3170,1,1
3171,0,1
3172,1,1
3173,1,1
3174,1,0
3175,1,1
3176,1,0
3177,1,1
3178,0,0
3179,0,1
3180,1,1
3181,1,1
3182,0,0
3183,1,1
3184,1,1
3185,0,0
3186,0,1
3187,0,0
3188,0,0
3189,1,1
3190,1,1
3191,0,0
3192,1,0
3193,1,0
3194,1,1
3195,0,1
3196,1,0
3197,0,1
3198,1,1
3199,0,0
3200,0,0
3201,0,1
3202,0,0
3203,0,1
3204,0,1
3205,1,1
3206,1,0
3207,0,0
3208,1,1
3209,0,1
3210,1,0
3211,1,1
3212,1,1
3213,0,1
3214,1,1
3215,1,1
3216,1,1
3217,1,0
3218,1,1
3219,0,1
3220,1,1
3221,0,1
3222,1,1
3223,1,1
3224,1,1
3225,1,1
3226,1,1
3227,1,0
3228,1,1
3229,1,0
3230,1,0
3231,1,1
3232,1,0
3233,1,0
3234,1,1
3235,1,0
3236,1,1
3237,1,1
3238,0,1
3239,1,1
3240,0,0
3241,0,1
3242,0,1
3243,1,0
3244,1,0
3245,1,1
3246,1,0
3247,1,1
3248,0,0
3249,0,1
3250,0,0
3251,0,0
3252,0,0
3253,0,1
3254,0,1
3255,0,0
3256,0,0
3257,0,0
3258,1,0
3259,1,1
3260,1,1
3261,1,0
3262,1,0
3263,0,0
3264,1,1
3265,0,1
3266,0,0
3267,1,1
3268,0,1
3269,0,1
3270,1,1
3271,1,1
3272,1,1
3273,1,1
3274,0,1
3275,1,0
3276,1,1
3277,0,1
3278,1,1
3279,1,1
3280,1,0
3281,0,0
3282,0,1
3283,0,1
3284,0,0
3285,1,1
3286,1,1
3287,0,1
3288,1,1
3289,1,0
3290,1,0
3291,1,1
3292,0,0
3293,0,0
3294,0,1
3295,0,1
3296,1,1
3297,0,1
3298,0,0
3299,1,0
3300,1,0
3301,0,0
3302,1,1
3303,0,1
3304,0,1
3305,1,0
3306,1,1
3307,0,1
3308,1,1
3309,1,1
3310,0,0
3311,0,1
3312,0,0
3313,1,1
3314,1,1
3315,0,1
3316,1,1
3317,0,1
3318,0,0
3319,0,0
3320,0,0
3321,1,0
3322,1,0
3323,0,1
3324,0,0
3325,1,1
3326,0,0
3327,0,1
3328,1,0
3329,1,1
3330,1,0
3331,1,1
3332,1,1
3333,1,1
3334,1,1
3335,1,0
3336,0,1
3337,1,1
3338,0,0
3339,1,1
3340,1,1
3341,0,1
3342,1,1
3343,1,1
3344,0,1
3345,0,1
3346,0,1
3347,1,1
3348,0,1
3349,1,0
3350,1,1
3351,1,1
3352,0,1
3353,1,0
3354,1,0
3355,1,0
3356,1,0
3357,1,1
3358,1,0
3359,0,1
3360,1,1
3361,0,1
3362,1,0
3363,1,1
3364,1,0
3365,1,1
3366,1,1
3367,0,1
3368,1,1
3369,0,1
3370,1,0
3371,0,0
3372,0,1
3373,0,1
3374,1,0
3375,0,1
3376,1,0
3377,0,0
3378,0,0
3379,0,1
3380,0,0
3381,1,0
3382,0,1
3383,1,1
3384,1,1
3385,1,0
3386,1,1
3387,1,0
3388,1,1
3389,1,1
3390,0,0
3391,1,0
3392,0,0
3393,0,1
3394,0,0
3395,1,1
3396,0,1
3397,1,0
3398,1,1
3399,1,0
3400,0,0
3401,1,0
3402,1,1
3403,1,1
3404,1,1
3405,1,0
3406,1,1
3407,0,1
3408,0,1
3409,0,0
3410,0,0
3411,1,1
3412,1,1
3413,1,1
3414,0,1
3415,1,0
3416,0,1
3417,0,0
3418,1,1
3419,1,1
3420,1,1
3421,1,0
3422,1,1
3423,1,0
3424,0,1
3425,0,0
3426,1,1
3427,1,1
3428,1,1
3429,1,0
3430,1,1
3431,1,0
3432,0,1
3433,1,0
3434,1,0
3435,1,0
3436,1,1
3437,1,1
3438,0,0
3439,0,1
3440,1,0
3441,0,1
3442,1,0
3443,1,1
3444,0,1
3445,1,0
3446,0,0
3447,0,0
3448,1,0
3449,0,0
3450,1,1
3451,0,0
3452,0,0
3453,1,1
3454,1,1
3455,0,1
3456,1,1
3457,1,1
3458,1,1
3459,0,0
3460,0,0
3461,1,0
3462,0,1
3463,0,0
3464,1,1
3465,0,1
3466,0,1
3467,0,0
3468,1,0
3469,0,1
3470,0,1
3471,1,0
3472,1,1
3473,1,1
3474,0,1
3475,0,1
3476,0,1
3477,1,0
3478,1,0
3479,0,0
3480,0,1
3481,1,0
3482,1,1
3483,1,1
3484,0,1
3485,1,1
3486,0,0
3487,0,0
3488,1,0
3489,0,0
3490,0,0
3491,1,0
3492,1,1
3493,1,1
3494,1,0
3495,0,1
3496,1,1
3497,1,1
3498,0,1
3499,0,0
3500,0,0
3501,1,1
3502,1,0
3503,1,1
3504,1,1
3505,1,1
3506,1,1
3507,1,0
3508,0,0
3509,0,1
3510,0,0
3511,1,0
3512,1,1
3513,1,1
3514,0,1
3515,1,0
3516,0,1
3517,1,1
3518,0,1
3519,1,1
3520,0,0
3521,1,1
3522,0,1
3523,1,1
3524,1,1
3525,0,0
3526,0,1
3527,1,0
3528,0,1
3529,1,1
3530,1,0
3531,0,1
3532,1,0
3533,1,1
3534,1,1
3535,0,1
3536,0,1
3537,1,0
3538,0,1
3539,1,1
3540,0,1
3541,1,1
3542,0,0
3543,1,0
3544,1,1
3545,1,0
3546,0,1
3547,0,0
3548,1,0
3549,0,0
3550,1,1
3551,0,0
3552,0,1
3553,0,1
3554,0,0
3555,1,1
3556,0,1
3557,0,1
3558,0,1
3559,0,0
3560,0,0
3561,1,1
3562,0,1
3563,1,0
3564,1,1
3565,1,0
3566,0,1
3567,1,1
3568,0,0
3569,0,1
3570,0,1
3571,0,1
3572,1,1
3573,0,1
3574,1,1
3575,1,0
3576,1,0
3577,0,1
3578,1,1
3579,1,0
3580,1,1
3581,0,0
3582,0,0
3583,1,1
3584,1,0
3585,1,1
3586,1,1
3587,0,0
3588,1,1
3589,0,1
3590,1,1
3591,1,1
3592,1,0
3593,1,0
3594,1,0
3595,1,1
3596,0,0
3597,0,1
3598,1,0
3599,1,0
3600,1,0
3601,0,1
3602,1,0
3603,0,1
3604,0,1
3605,0,0
3606,0,0
3607,0,1
3608,1,0
3609,0,0
3610,1,1
3611,1,0
3612,1,0
3613,1,0
3614,0,0
3615,1,0
3616,1,1
3617,1,1
3618,0,1
3619,1,1
3620,1,1
3621,0,0
3622,1,0
3623,0,1
3624,0,1
3625,0,1
3626,1,0
3627,1,0
3628,0,0
3629,1,0
3630,1,1
3631,0,1
3632,1,0
3633,1,1
3634,1,1
3635,1,1
3636,1,0
3637,0,0
3638,0,0
3639,1,0
3640,1,0
3641,1,0
3642,0,1
3643,0,1
3644,1,0
3645,1,1
3646,1,1
3647,1,1
3648,0,0
3649,1,0
3650,1,1
3651,1,0
3652,1,1
3653,1,0
3654,0,1
3655,0,0
3656,1,1
3657,0,1
3658,1,1
3659,0,1
3660,1,0
3661,0,0
3662,0,0
3663,0,1
3664,1,0
3665,1,1
3666,0,1
3667,1,1
3668,0,1
3669,1,1
3670,1,1
3671,0,1
3672,0,0
3673,1,0
3674,1,0
3675,1,1
3676,1,1
3677,1,1
3678,1,1
3679,1,1
3680,0,1
3681,0,1
3682,0,1
3683,0,0
3684,1,1
3685,1,0
3686,0,1
3687,1,1
3688,0,1
3689,1,0
3690,1,1
3691,0,1
3692,1,1
3693,1,0
3694,1,0
3695,1,0
3696,0,1
3697,1,0
3698,0,0
3699,1,1
3700,0,1
3701,0,1
3702,1,0
3703,0,0
3704,1,1
3705,1,0
3706,0,0
3707,1,0
3708,1,1
3709,1,1
3710,1,0
3711,1,0
3712,1,0
3713,1,1
3714,1,1
3715,1,1
3716,1,0
3717,1,0
3718,0,1
3719,1,1
3720,0,1
3721,0,1
3722,1,1
3723,1,1
3724,1,1
3725,1,1
3726,0,0
3727,0,0
3728,0,0
3729,0,1
3730,0,1
3731,0,0
3732,0,1
3733,0,0
3734,1,0
3735,0,0
3736,0,0
3737,0,1
3738,1,1
3739,1,1
3740,0,1
3741,0,1
3742,0,0
3743,1,1
3744,1,0
3745,0,0
3746,1,1
3747,1,0
3748,1,0
3749,0,0
3750,1,0
3751,1,1
3752,1,0
3753,1,1
3754,1,0
3755,1,0
3756,1,1
3757,1,1
3758,1,0
3759,0,0
3760,1,0
3761,0,1
3762,1,0
3763,0,1
3764,0,1
3765,1,1
3766,1,0
3767,0,1
3768,0,0
3769,0,1
3770,1,1
3771,0,1
3772,1,0
3773,0,0
3774,1,1
3775,0,1
3776,0,1
3777,1,0
3778,1,1
3779,0,1
3780,1,1
3781,1,1
3782,1,1
3783,1,0
3784,1,1
3785,0,0
3786,0,1
3787,0,1
3788,0,0
3789,0,1
3790,1,0
3791,0,0
3792,0,1
3793,1,0
3794,0,1
3795,1,1
3796,1,0
3797,1,0
3798,1,1
3799,0,0
3800,1,0
3801,1,1
3802,1,1
3803,0,0
3804,0,0
3805,1,1
3806,1,1
3807,1,0
3808,1,1
3809,0,1
3810,1,0
3811,0,1
3812,0,1
3813,0,1
3814,1,1
3815,1,0
3816,0,1
3817,1,1
3818,1,1
3819,1,1
3820,1,1
3821,1,1
3822,1,0
3823,1,0
3824,0,0
3825,0,0
3826,1,1
3827,1,1
3828,0,0
3829,0,1
3830,1,1
3831,0,1
3832,1,0
3833,0,0
3834,1,0
3835,0,1
3836,1,0
3837,0,0
3838,0,1
3839,0,1
3840,1,1
3841,0,1
3842,1,0
3843,0,0
3844,1,1
3845,1,1
3846,1,1
3847,0,1
3848,1,1
3849,1,1
3850,0,1
3851,1,0
3852,1,1
3853,0,1
3854,0,0
3855,0,1
3856,1,1
3857,1,0
3858,1,0
3859,1,1
3860,1,1
3861,1,1
3862,1,1
3863,1,0
3864,1,0
3865,0,0
3866,1,1
3867,0,0
3868,1,1
3869,0,0
3870,1,0
3871,1,0
3872,0,1
3873,1,1
3874,1,1
3875,1,1
3876,0,0
3877,1,0
3878,0,0
3879,1,0
3880,1,0
3881,0,1
3882,1,0
3883,1,1
3884,0,0
3885,1,1
3886,0,1
3887,1,1
3888,1,1
3889,0,1
3890,0,1
3891,1,1
3892,1,0
3893,1,1
3894,1,1
3895,1,1
3896,1,0
3897,0,1
3898,1,0
3899,1,1
3900,0,1
3901,1,1
3902,0,1
3903,0,0
3904,0,1
3905,1,1
3906,1,1
3907,0,1
3908,1,0
3909,1,0
3910,0,1
3911,0,1
3912,1,0
3913,0,0
3914,1,1
3915,0,1
3916,1,1
3917,0,1
3918,1,1
3919,1,0
3920,1,1
3921,0,0
3922,0,1
3923,1,1
3924,1,1
3925,0,1
3926,1,0
3927,0,0
3928,0,1
3929,1,0
3930,1,0
3931,1,0
3932,0,1
3933,0,0
3934,1,1
3935,1,1
3936,0,0
3937,0,1
3938,1,0
3939,1,0
3940,1,0
3941,0,0
3942,1,1
3943,1,1
3944,1,0
3945,1,1
3946,1,1
3947,1,1
3948,1,1
3949,1,1
3950,1,0
3951,0,1
3952,1,1
3953,0,0
3954,1,0
3955,1,1
3956,0,1
3957,0,0
3958,1,1
3959,0,0
3960,0,0
3961,1,1
3962,1,0
3963,1,1
3964,1,1
3965,0,1
3966,1,0
3967,0,1
3968,0,1
3969,1,1
3970,0,1
3971,1,1
3972,0,1
3973,1,1
3974,1,0
3975,1,0
3976,0,1
3977,0,1
3978,0,0
3979,0,1
3980,0,1
3981,0,1
3982,1,1
3983,1,0
3984,0,1
3985,1,0
3986,0,1
3987,1,1
3988,0,1
3989,1,1
3990,1,1
3991,1,0
3992,1,1
3993,1,1
3994,1,1
3995,0,1
3996,0,1
3997,1,0
3998,1,0
3999,1,1
4000,1,0
4001,1,0
4002,0,0
4003,1,1
4004,1,1
4005,1,1
4006,1,1
4007,1,1
4008,1,0
4009,0,1
4010,1,1
4011,1,1
4012,1,1
4013,1,1
4014,0,0
4015,1,1
4016,1,1
4017,1,1
4018,1,1
4019,1,1
4020,1,1
4021,0,0
4022,1,0
4023,1,1
4024,1,0
4025,1,0
4026,1,1
4027,1,1
4028,0,1
4029,1,1
4030,0,0
4031,0,1
4032,0,1
4033,1,1
4034,1,1
4035,1,1
4036,0,1
4037,1,0
4038,0,1
4039,1,0
4040,1,1
4041,1,1
4042,1,1
4043,0,1
4044,1,1
4045,1,0
4046,1,1
4047,1,1
4048,1,1
4049,0,1
4050,1,0
4051,0,1
4052,1,0
4053,0,1
4054,1,1
4055,1,1
4056,1,1
4057,1,1
4058,1,1
4059,0,1
4060,1,1
4061,0,0
4062,1,1
4063,0,0
4064,1,1
4065,1,0
4066,1,0
4067,0,1
4068,0,1
4069,1,1
4070,1,0
4071,1,1
4072,0,1
4073,1,1
4074,1,1
4075,1,0
4076,1,0
4077,1,0
4078,1,0
4079,1,1
4080,0,1
4081,1,0
4082,1,1
4083,0,1
4084,1,1
4085,1,0
4086,0,1
4087,0,1
4088,1,0
4089,1,0
4090,1,1
4091,0,1
4092,1,1
4093,1,1
4094,0,0
4095,1,0
4096,0,0
4097,1,1
4098,1,1
4099,1,1
4100,1,0
4101,1,0
4102,0,0
4103,1,1
4104,1,1
4105,0,0
4106,1,1
4107,1,1
4108,1,1
4109,0,1
4110,0,1
4111,0,1
4112,1,0
4113,0,0
4114,1,0
4115,1,1
4116,1,1
4117,1,0
4118,1,1
4119,0,1
4120,1,0
4121,0,1
4122,0,0
4123,0,1
4124,0,1
4125,1,1
4126,0,1
4127,0,0
4128,1,0
4129,1,1
4130,0,1
4131,0,1
4132,0,1
4133,1,0
4134,0,1
4135,1,0
4136,1,1
4137,0,1
4138,1,0
4139,0,1
4140,1,0
4141,0,1
4142,0,1
4143,0,1
4144,1,1
4145,1,1
4146,1,0
4147,0,0
4148,1,1
4149,1,1
4150,1,1
4151,1,1
4152,0,1
4153,1,1
4154,0,1
4155,0,1
4156,1,0
4157,1,1
4158,1,1
4159,0,0
4160,0,1
4161,1,1
4162,1,1
4163,1,1
4164,1,1
4165,1,1
4166,1,0
4167,1,0
4168,1,1
4169,1,0
4170,1,1
4171,0,1
4172,1,1
4173,0,0
4174,0,1
4175,1,0
4176,1,1
4177,0,0
4178,1,0
4179,1,0
4180,1,0
4181,1,0
4182,1,1
4183,0,0
4184,0,1
4185,0,1
4186,0,1
4187,0,1
4188,1,0
4189,1,1
4190,1,0
4191,1,1
4192,0,0
4193,1,1
4194,0,1
4195,1,1
4196,1,0
4197,1,1
4198,0,0
4199,0,1
4200,1,0
4201,0,1
4202,0,1
4203,1,0
4204,1,1
4205,1,1
4206,0,1
4207,0,0
4208,1,1
4209,1,0
4210,0,0
4211,1,1
4212,0,1
4213,1,0
4214,1,0
4215,1,1
4216,1,1
4217,0,0
4218,1,0
4219,1,0
4220,1,1
4221,1,1
4222,1,1
4223,0,1
4224,1,0
4225,1,1
4226,1,1
4227,0,0
4228,1,1
4229,1,1
4230,1,1
4231,0,0
4232,0,0
4233,1,0
4234,1,1
4235,0,1
4236,0,0
4237,1,0
4238,1,0
4239,1,1
4240,0,1
4241,0,1
4242,1,1
4243,0,0
4244,0,0
4245,0,0
4246,1,1
4247,1,1
4248,1,0
4249,1,1
4250,0,1
4251,0,1
4252,0,1
4253,1,1
4254,1,1
4255,1,1
4256,1,1
4257,0,1
4258,1,0
4259,0,1
4260,1,0
4261,0,0
4262,1,1
4263,0,1
4264,1,1
4265,0,0
4266,0,1
4267,0,0
4268,1,1
4269,1,0
4270,0,1
4271,1,1
4272,1,1
4273,0,1
4274,1,1
4275,1,0
4276,1,1
4277,0,0
4278,0,1
4279,1,0
4280,1,0
4281,0,1
4282,1,0
4283,1,0
4284,1,1
4285,0,0
4286,0,0
4287,0,1
4288,1,1
4289,0,1
4290,0,1
4291,1,0
4292,1,1
4293,1,1
4294,1,1
4295,1,1
4296,0,1
4297,1,0
4298,1,1
4299,1,0
4300,0,0
4301,0,0
4302,1,0
4303,1,1
4304,0,0
4305,0,1
4306,0,0
4307,1,0
4308,0,1
4309,0,1
4310,0,1
4311,0,1
4312,0,1
4313,0,0
4314,1,1
4315,1,0
4316,1,1
4317,1,1
4318,0,1
4319,1,1
4320,0,1
4321,0,1
4322,1,0
4323,0,0
4324,1,1
4325,0,1
4326,1,1
4327,0,0
4328,0,1
4329,1,1
4330,1,1
4331,1,1
4332,0,1
4333,0,1
4334,0,0
4335,0,1
4336,1,0
4337,1,1
4338,0,1
4339,0,1
4340,1,1
4341,0,1
4342,0,1
4343,1,1
4344,1,1
4345,0,0
4346,0,1
4347,1,0
4348,0,0
4349,1,1
4350,0,1
4351,1,0
4352,1,1
4353,1,0
4354,0,0
4355,1,0
4356,1,1
4357,1,0
4358,1,1
4359,0,0
4360,1,1
4361,1,0
4362,0,0
4363,0,0
4364,1,0
4365,0,1
4366,0,1
4367,1,1
4368,1,1
4369,1,1
4370,1,0
4371,1,1
4372,0,1
4373,1,1
4374,0,1
4375,1,0
4376,1,1
4377,0,1
4378,1,0
4379,0,1
4380,1,1
4381,1,1
4382,1,0
4383,0,1
4384,1,1
4385,1,1
4386,1,1
4387,1,0
4388,0,0
4389,1,1
4390,0,0
4391,1,1
4392,1,0
4393,1,1
4394,1,1
4395,0,1
4396,1,0
4397,1,0
4398,0,0
4399,0,1
4400,1,0
4401,0,1
4402,1,0
4403,1,1
4404,0,0
4405,1,0
4406,1,1
4407,1,1
4408,1,1
4409,1,1
4410,1,0
4411,1,0
4412,1,1
4413,1,1
4414,0,1
4415,1,1
4416,1,0
4417,1,0
4418,0,1
4419,0,0
4420,0,0
4421,1,1
4422,1,0
4423,1,0
4424,0,0
4425,1,1
4426,0,1
4427,1,1
4428,1,0
4429,1,1
4430,1,1
4431,0,0
4432,1,1
4433,1,1
4434,1,1
4435,0,1
4436,1,0
4437,1,0
4438,1,1
4439,1,0
4440,0,0
4441,0,1
4442,1,0
4443,1,1
4444,1,1
4445,0,0
4446,1,0
4447,0,0
4448,0,0
4449,0,1
4450,1,1
4451,1,1
4452,1,1
4453,0,1
4454,1,0
4455,0,1
4456,0,0
4457,1,1
4458,1,0
4459,1,0
4460,1,0
4461,1,1
4462,0,1
4463,1,1
4464,1,1
4465,1,1
4466,1,1
4467,1,1
4468,0,1
4469,1,0
4470,1,1
4471,1,1
4472,1,0
4473,1,1
4474,1,0
4475,1,1
4476,0,0
4477,1,1
4478,1,0
4479,1,0
4480,1,1
4481,1,1
4482,1,1
4483,1,1
4484,1,0
4485,0,0
4486,1,1
4487,1,1
4488,1,0
4489,0,1
4490,0,0
4491,0,0
4492,1,1
4493,1,0
4494,0,1
4495,1,0
4496,1,0
4497,1,0
4498,0,0
4499,1,1
4500,1,1
4501,1,0
4502,1,0
4503,1,0
4504,0,1
4505,1,0
4506,0,1
4507,1,0
4508,0,1
4509,1,1
4510,1,1
4511,1,0
4512,1,0
4513,0,1
4514,1,0
4515,1,1
4516,0,1
4517,0,0
4518,1,1
4519,1,1
4520,0,0
4521,0,1
4522,1,1
4523,0,1
4524,0,0
4525,0,1
4526,0,1
4527,1,1
4528,1,0
4529,1,1
4530,1,0
4531,0,1
4532,0,0
4533,1,1
4534,0,1
4535,0,1
4536,1,1
4537,1,1
4538,0,1
4539,0,1
4540,1,1
4541,1,0
4542,0,1
4543,1,0
4544,1,1
4545,1,1
4546,0,0
4547,1,1
4548,0,1
4549,1,1
4550,1,1
4551,1,1
4552,1,1
4553,1,1
4554,0,1
4555,0,0
4556,0,1
4557,0,1
4558,0,1
4559,1,0
4560,1,1
4561,1,0
4562,0,1
4563,0,0
4564,0,1
4565,1,1
4566,1,0
4567,1,0
4568,1,1
4569,0,1
4570,1,1
4571,1,0
4572,1,1
4573,1,1
4574,0,0
4575,1,0
4576,1,1
4577,1,1
4578,1,0
4579,1,0
4580,1,1
4581,0,1
4582,0,1
4583,1,1
4584,1,0
4585,0,0
4586,0,0
4587,0,1
4588,1,1
4589,0,1
4590,0,1
4591,1,0
4592,1,0
4593,0,0
4594,1,0
4595,1,0
4596,1,1
4597,1,1
4598,0,1
4599,1,1
4600,0,1
4601,1,0
4602,0,0
4603,1,1
4604,1,0
4605,1,1
4606,1,1
4607,1,0
4608,0,1
4609,0,1
4610,1,1
4611,0,1
4612,1,1
4613,1,1
4614,0,0
4615,0,0
4616,1,1
4617,0,0
4618,0,1
4619,0,0
4620,1,1
4621,0,0
4622,0,1
4623,0,1
4624,1,1
4625,1,1
4626,0,0
4627,0,1
4628,0,1
4629,0,0
4630,1,1
4631,0,1
4632,1,0
4633,0,0
4634,0,0
4635,0,0
4636,1,0
4637,1,1
4638,1,1
4639,1,1
4640,0,0
4641,0,1
4642,1,1
4643,1,1
4644,1,0
4645,1,0
4646,0,1
4647,0,0
4648,1,1
4649,0,1
4650,0,1
4651,0,1
4652,1,1
4653,1,1
4654,0,1
4655,1,0
4656,0,1
4657,0,1
4658,1,0
4659,0,0
4660,1,1
4661,1,0
4662,1,1
4663,1,0
4664,0,0
4665,1,0
4666,1,1
4667,0,1
4668,0,1
4669,0,1
4670,1,1
4671,0,1
4672,0,1
4673,1,0
4674,0,0
4675,1,0
4676,1,0
4677,1,1
4678,1,1
4679,1,1
4680,0,1
4681,1,1
4682,1,1
4683,1,1
4684,1,1
4685,1,1
4686,1,1
4687,1,1
4688,0,0
4689,0,1
4690,0,1
4691,1,1
4692,0,1
4693,1,1
4694,1,1
4695,1,0
4696,1,1
4697,1,0
4698,0,1
4699,0,1
4700,0,1
4701,0,0
4702,0,1
4703,0,0
4704,1,0
4705,0,1
4706,1,1
4707,1,1
4708,0,1
4709,1,1
4710,1,0
4711,0,0
4712,1,1
4713,0,0
4714,0,1
4715,0,1
4716,1,1
4717,0,0
4718,0,0
4719,0,0
4720,0,0
4721,0,0
4722,1,1
4723,0,1
4724,0,0
4725,1,0
4726,1,0
4727,0,1
4728,0,1
4729,1,1
4730,0,0
4731,1,1
4732,1,0
4733,1,0
4734,1,0
4735,1,1
4736,1,0
4737,1,1
4738,1,1
4739,0,1
4740,1,1
4741,1,0
4742,0,1
4743,1,1
4744,0,0
4745,1,1
4746,1,1
4747,1,0
4748,1,0
4749,0,1
4750,1,1
4751,0,1
4752,1,0
4753,0,0
4754,0,1
4755,1,0
4756,0,1
4757,1,1
4758,0,0
4759,1,1
4760,0,1
4761,1,0
4762,1,1
4763,1,1
4764,0,1
4765,1,0
4766,0,1
4767,1,1
4768,0,0
4769,1,0
4770,1,0
4771,1,1
4772,1,1
4773,1,0
4774,1,1
4775,0,0
4776,0,0
4777,0,0
4778,1,0
4779,1,0
4780,1,1
4781,0,0
4782,1,1
4783,1,0
4784,1,1
4785,1,1
4786,1,0
4787,1,1
4788,1,0
4789,0,1
4790,1,0
4791,0,1
4792,1,1
4793,1,0
4794,0,1
4795,1,1
4796,1,0
4797,1,1
4798,1,0
4799,1,1
4800,0,1
4801,0,1
4802,1,1
4803,1,1
4804,0,1
4805,0,0
4806,1,0
4807,1,1
4808,1,0
4809,0,1
4810,1,1
4811,1,1
4812,0,0
4813,0,0
4814,1,1
4815,1,0
4816,0,0
4817,1,1
4818,0,0
4819,1,1
4820,1,1
4821,0,1
4822,1,0
4823,1,1
4824,0,1
4825,1,0
4826,1,1
4827,1,1
4828,1,0
4829,0,0
4830,1,0
4831,0,1
4832,0,1
4833,1,1
4834,1,1
4835,0,1
4836,1,1
4837,0,0
4838,0,1
4839,0,1
4840,0,1
4841,1,1
4842,1,0
4843,0,1
4844,1,1
4845,0,1
4846,1,1
4847,1,1
4848,1,1
4849,1,1
4850,0,1
4851,1,0
4852,0,1
4853,0,1
4854,1,1
4855,1,0
4856,1,0
4857,0,0
4858,0,1
4859,1,1
4860,1,1
4861,1,1
4862,1,1
4863,1,0
4864,1,1
4865,0,0
4866,0,1
4867,1,1
4868,1,1
4869,0,0
4870,1,0
4871,0,1
4872,1,1
4873,1,1
4874,1,1
4875,1,1
4876,1,0
4877,1,0
4878,1,1
4879,1,1
4880,1,1
4881,1,0
4882,0,0
4883,1,1
4884,0,0
4885,0,1
4886,0,1
4887,1,1
4888,1,1
4889,1,1
4890,1,0
4891,1,1
4892,1,1
4893,1,1
4894,1,1
4895,1,1
4896,1,0
4897,1,0
4898,1,1
4899,1,1
4900,1,1
4901,0,1
4902,0,0
4903,1,1
4904,1,0
4905,1,0
4906,0,0
4907,0,1
4908,0,1
4909,1,1
4910,1,1
4911,0,0
4912,0,1
4913,0,1
4914,1,0
4915,0,0
4916,1,1
4917,0,1
4918,1,0
4919,1,0
4920,1,0
4921,1,0
4922,1,0
4923,1,0
4924,0,1
4925,1,0
4926,1,0
4927,1,1
4928,0,1
4929,0,0
4930,1,1
4931,1,0
4932,1,0
4933,1,1
4934,0,1
4935,0,1
4936,1,0
4937,0,0
4938,0,1
4939,0,1
4940,1,0
4941,1,1
4942,1,0
4943,0,1
4944,1,1
4945,1,0
4946,1,0
4947,1,1
4948,0,1
4949,0,1
4950,0,0
4951,0,1
4952,0,0
4953,0,1
4954,1,0
4955,1,1
4956,0,1
4957,1,1
4958,1,1
4959,1,1
4960,0,1
4961,1,1
4962,1,0
4963,0,1
4964,1,0
4965,1,1
4966,1,1
4967,0,0
4968,1,1
4969,1,1
4970,0,0
4971,0,0
4972,0,0
4973,1,0
4974,0,1
4975,0,1
4976,0,0
4977,0,1
4978,0,1
4979,0,1
4980,1,1
4981,0,0
4982,0,1
4983,0,1
4984,0,1
4985,0,0
4986,1,1
4987,1,0
4988,1,1
4989,0,0
4990,1,1
4991,1,0
4992,1,1
4993,1,1
4994,1,1
4995,1,0
4996,0,1
4997,0,0
4998,0,1
4999,1,0
5000,0,1
5001,0,0
5002,1,0
5003,1,1
5004,0,1
5005,0,1
5006,1,0
5007,1,1
5008,0,1
5009,1,1
5010,0,1
5011,0,1
5012,1,1
5013,0,1
5014,1,1
5015,0,1
5016,1,1
5017,1,1
5018,1,1
5019,1,1
5020,1,1
5021,0,0
5022,1,1
5023,0,1
5024,1,1
5025,0,1
5026,0,1
5027,1,1
5028,1,0
5029,1,1
5030,1,1
5031,1,1
5032,1,0
5033,0,1
5034,0,0
5035,0,0
5036,1,0
5037,0,1
5038,0,0
5039,1,0
5040,1,0
5041,0,0
5042,1,1
5043,1,1
5044,1,1
5045,1,1
5046,1,0
5047,1,1
5048,1,0
5049,1,1
5050,0,0
5051,1,0
5052,0,1
5053,1,1
5054,0,1
5055,0,1
5056,0,1
5057,1,0
5058,0,0
5059,1,1
5060,0,1
5061,1,1
5062,0,1
5063,1,0
5064,1,0
5065,1,0
5066,0,1
5067,1,1
5068,1,0
5069,1,1
5070,0,1
5071,0,1
5072,1,1
5073,0,0
5074,1,1
5075,1,1
5076,1,1
5077,1,1
5078,0,1
5079,1,0
5080,1,1
5081,0,0
5082,0,1
5083,1,0
5084,1,0
5085,1,1
5086,0,1
5087,1,1
5088,1,1
5089,0,0
5090,1,1
5091,1,0
5092,1,1
5093,1,1
5094,0,1
5095,1,0
5096,1,0
5097,0,1
5098,0,1
5099,1,1
5100,0,1
5101,1,0
5102,1,0
5103,0,1
5104,1,0
5105,1,1
5106,0,0
5107,1,1
5108,0,1
5109,1,0
5110,1,1
5111,1,1
5112,0,1
5113,0,0
5114,1,1
5115,0,1
5116,1,1
5117,0,1
5118,0,1
5119,0,1
5120,0,1
5121,0,1
5122,0,1
5123,0,1
5124,0,1
5125,1,1
5126,0,1
5127,1,1
5128,1,0
5129,1,0
5130,0,1
5131,1,1
5132,0,0
5133,0,1
5134,1,1
5135,0,1
5136,0,0
5137,0,1
5138,1,1
5139,1,0
5140,1,0
5141,1,1
5142,0,0
5143,0,0
5144,1,0
5145,0,0
5146,0,0
5147,0,1
5148,0,1
5149,1,1
5150,0,1
5151,1,1
5152,1,1
5153,1,1
5154,1,0
5155,1,1
5156,1,1
5157,1,0
5158,1,1
5159,0,0
5160,1,0
5161,1,1
5162,1,1
5163,1,0
5164,0,1
5165,1,1
5166,1,1
5167,0,0
5168,0,1
5169,0,1
5170,0,0
5171,1,1
5172,0,0
5173,1,0
5174,1,0
5175,0,0
5176,0,0
5177,0,0
5178,1,1
5179,0,1
5180,1,0
5181,1,0
5182,1,1
5183,1,1
5184,1,0
5185,1,1
5186,1,1
5187,0,0
5188,0,1
5189,0,0
5190,0,0
5191,0,1
5192,0,0
5193,1,0
5194,1,0
5195,1,0
5196,1,1
5197,0,1
5198,1,1
5199,0,0
5200,0,1
5201,1,0
5202,1,1
5203,0,1
5204,1,0
5205,1,0
5206,0,0
5207,0,0
5208,1,1
5209,1,1
5210,0,1
5211,0,0
5212,0,1
5213,1,1
5214,0,0
5215,0,1
5216,1,0
5217,0,1
5218,1,0
5219,1,1
5220,1,0
5221,1,0
5222,0,1
5223,0,1
5224,0,0
5225,1,0
5226,0,1
5227,0,1
5228,1,0
5229,0,0
5230,1,1
5231,1,1
5232,0,0
5233,0,0
5234,1,0
5235,1,1
5236,0,1
5237,0,0
5238,1,0
5239,1,1
5240,1,1
5241,0,1
5242,0,0
5243,0,1
5244,0,1
5245,1,0
5246,0,1
5247,0,0
5248,0,1
5249,1,1
5250,0,0
5251,1,1
5252,1,1
5253,0,1
5254,0,1
5255,0,1
5256,1,1
5257,0,1
5258,1,1
5259,1,0
5260,1,1
5261,0,1
5262,1,1
5263,1,1
5264,1,0
5265,1,1
5266,0,1
5267,1,1
5268,0,1
5269,1,1
5270,1,1
5271,1,1
5272,1,0
5273,0,1
5274,0,0
5275,0,1
5276,0,0
5277,1,1
5278,0,0
5279,0,0
5280,1,0
5281,0,0
5282,1,1
5283,1,1
5284,1,0
5285,1,0
5286,1,1
5287,1,1
5288,1,1
5289,1,1
5290,0,1
5291,1,0
5292,1,0
5293,0,1
5294,0,0
5295,1,1
5296,1,0
5297,1,1
5298,0,1
5299,1,0
5300,1,1
5301,1,0
5302,0,0
5303,1,1
5304,1,1
5305,0,0
5306,1,0
5307,1,1
5308,1,0
5309,0,0
5310,1,1
5311,1,1
5312,1,1
5313,1,0
5314,0,1
5315,0,0
5316,1,1
5317,1,1
5318,0,0
5319,0,1
5320,1,0
5321,1,0
5322,1,1
5323,0,0
5324,1,1
5325,1,1
5326,0,1
5327,0,1
5328,0,1
5329,1,0
5330,1,0
5331,0,0
5332,0,0
5333,0,1
5334,0,0
5335,0,1
5336,0,1
5337,0,1
5338,0,1
5339,0,1
5340,0,1
5341,0,1
5342,0,1
5343,1,1
5344,1,0
5345,1,1
5346,1,1
5347,0,1
5348,1,1
5349,0,1
5350,1,0
5351,1,1
5352,1,1
5353,1,1
5354,1,0
5355,0,1
5356,1,1
5357,0,1
5358,1,0
5359,1,1
5360,1,0
5361,1,0
5362,0,1
5363,1,0
5364,1,1
5365,1,1
5366,0,1
5367,1,1
5368,1,0
5369,1,1
5370,1,1
5371,0,0
5372,1,0
5373,1,0
5374,1,0
5375,0,1
5376,0,1
5377,1,1
5378,1,1
5379,1,1
5380,0,1
5381,1,0
5382,1,1
5383,0,1
5384,1,0
5385,0,0
5386,1,0
5387,1,1
5388,0,1
5389,1,1
5390,1,0
5391,1,1
5392,1,0
5393,0,0
5394,0,0
5395,1,1
5396,0,0
5397,1,1
5398,1,0
5399,1,1
5400,1,1
5401,1,0
5402,1,0
5403,0,1
5404,1,0
5405,0,1
5406,1,1
5407,1,0
5408,0,0
5409,1,1
5410,1,0
5411,0,0
5412,1,1
5413,0,0
5414,0,1
5415,1,1
5416,0,0
5417,1,1
5418,0,0
5419,0,1
5420,1,1
5421,1,1
5422,1,1
5423,1,1
5424,1,1
5425,1,1
5426,0,1
5427,1,1
5428,0,1
5429,1,0
5430,1,1
5431,1,0
5432,1,0
5433,1,1
5434,1,1
5435,0,0
5436,0,1
5437,1,1
5438,0,0
5439,0,1
5440,1,1
5441,0,1
5442,1,0
5443,1,0
5444,1,1
5445,1,1
5446,1,1
5447,0,0
5448,1,0
5449,1,1
5450,1,1
5451,1,0
5452,0,1
5453,1,0
5454,1,1
5455,1,0
5456,0,0
5457,1,0
5458,0,0
5459,1,0
5460,1,0
5461,1,1
5462,0,1
5463,1,1
5464,0,1
5465,0,0
5466,1,1
5467,1,1
5468,0,1
5469,1,1
5470,1,0
5471,1,1
5472,0,0
5473,1,0
5474,1,0
5475,1,1
5476,0,1
5477,0,1
5478,0,0
5479,0,1
5480,0,0
5481,0,1
5482,1,1
5483,1,1
5484,1,1
5485,1,0
5486,0,1
5487,0,1
5488,1,1
5489,1,1
5490,0,1
5491,1,1
5492,0,1
5493,0,1
5494,1,1
5495,1,1
5496,1,1
5497,0,1
5498,0,1
5499,1,1
5500,1,1
5501,1,1
5502,1,0
5503,1,1
5504,1,1
5505,0,0
5506,1,0
5507,0,1
5508,1,1
5509,1,0
5510,0,0
5511,1,0
5512,1,1
5513,0,1
5514,1,0
5515,1,1
5516,1,1
5517,1,0
5518,0,0
5519,1,1
5520,1,1
5521,0,0
5522,0,1
5523,1,1
5524,1,0
5525,1,1
5526,0,1
5527,0,0
5528,1,1
5529,0,0
5530,0,0
5531,1,0
5532,0,0
5533,0,1
5534,1,0
5535,1,1
5536,0,1
5537,1,0
5538,1,1
5539,1,0
5540,0,1
5541,0,1
5542,1,0
5543,1,0
5544,0,0
5545,1,0
5546,0,0
5547,0,0
5548,1,1
5549,0,0
5550,0,1
5551,0,1
5552,0,1
5553,1,1
5554,1,1
5555,1,0
5556,0,1
5557,0,1
5558,1,1
5559,0,1
5560,1,0
5561,1,1
5562,0,1
5563,0,0
5564,1,1
5565,0,1
5566,1,1
5567,0,0
5568,1,0
5569,0,1
5570,0,0
5571,0,0
5572,1,1
5573,0,0
5574,0,1
5575,1,0
5576,1,1
5577,0,1
5578,0,1
5579,1,1
5580,0,0
5581,1,1
5582,1,1
5583,0,1
5584,0,0
5585,0,0
5586,1,1
5587,1,0
5588,0,1
5589,1,0
5590,1,0
5591,1,0
5592,0,1
5593,1,1
5594,0,0
5595,0,0
5596,1,0
5597,1,0
5598,0,1
5599,1,1
5600,0,0
5601,0,1
5602,1,1
5603,1,1
5604,0,0
5605,1,1
5606,0,1
5607,1,1
5608,0,0
5609,1,0
5610,1,1
5611,0,0
5612,1,1
5613,0,1
5614,0,1
5615,1,0
5616,1,0
5617,1,0
5618,0,0
5619,1,1
5620,1,1
5621,0,0
5622,1,1
5623,0,1
5624,1,1
5625,0,0
5626,1,1
5627,1,1
5628,1,0
5629,1,0
5630,1,0
5631,1,1
5632,0,0
5633,0,0
5634,1,1
5635,0,1
5636,0,0
5637,0,1
5638,1,1
5639,0,1
5640,1,0
5641,1,1
5642,0,0
5643,0,0
5644,0,1
5645,1,0
5646,1,1
5647,1,1
5648,1,1
5649,0,0
5650,1,0
5651,0,0
5652,0,0
5653,0,0
5654,1,1
5655,0,1
5656,1,0
5657,1,1
5658,1,1
5659,0,1
5660,1,1
5661,1,1
5662,1,1
5663,0,1
5664,0,0
5665,1,1
5666,1,0
5667,0,1
5668,0,0
5669,1,1
5670,1,0
5671,1,0
5672,1,1
5673,0,1
5674,0,0
5675,0,1
5676,1,1
5677,0,1
5678,0,0
5679,1,1
5680,1,0
5681,0,0
5682,1,1
5683,0,1
5684,1,1
5685,0,1
5686,0,0
5687,1,1
5688,1,1
5689,0,1
5690,1,0
5691,0,1
5692,0,0
5693,0,0
5694,0,1
5695,1,1
5696,0,1
5697,0,1
5698,1,0
5699,1,1
5700,0,1
5701,0,0
5702,1,1
5703,1,1
5704,1,1
5705,0,0
5706,0,0
5707,1,1
5708,1,0
5709,0,1
5710,1,1
5711,1,1
5712,0,1
5713,1,1
5714,1,0
5715,1,1
5716,0,1
5717,0,0
5718,0,1
5719,0,1
5720,0,1
5721,1,1
5722,1,0
5723,0,0
5724,1,0
5725,1,1
5726,1,1
5727,1,1
5728,0,1
5729,1,1
5730,1,1
5731,0,0
5732,1,0
5733,0,0
5734,0,0
5735,1,0
5736,1,1
5737,1,0
5738,1,0
5739,1,1
5740,0,0
5741,0,1
5742,0,0
5743,1,0
5744,1,1
5745,1,1
5746,1,0
5747,1,0
5748,1,0
5749,1,1
5750,1,1
5751,1,0
5752,1,1
5753,0,1
5754,1,1
5755,1,1
5756,1,1
5757,1,1
5758,0,0
5759,1,1
5760,1,1
5761,1,0
5762,1,1
5763,1,1
5764,0,0
5765,1,1
5766,0,0
5767,1,0
5768,0,1
5769,1,1
5770,1,1
5771,0,0
5772,1,0
5773,1,1
5774,1,0
5775,1,1
5776,0,0
5777,1,1
5778,1,1
5779,1,1
5780,1,0
5781,0,1
5782,0,0
5783,1,0
5784,1,1
5785,0,0
5786,1,1
5787,1,0
5788,0,0
5789,1,1
5790,0,1
5791,1,1
5792,0,0
5793,1,1
5794,0,1
5795,1,0
5796,0,0
5797,1,1
5798,1,1
5799,1,0
5800,0,0
5801,1,1
5802,1,1
5803,1,1
5804,0,1
5805,0,0
5806,1,0
5807,0,1
5808,1,1
5809,1,0
5810,1,1
5811,0,1
5812,0,0
5813,1,0
5814,1,1
5815,0,1
5816,1,1
5817,0,0
5818,1,1
5819,0,1
5820,0,1
5821,0,1
5822,1,1
5823,0,1
5824,0,0
5825,1,1
5826,1,1
5827,0,0
5828,1,0
5829,0,0
5830,1,1
5831,1,1
5832,1,1
5833,1,0
5834,1,1
5835,0,0
5836,1,1
5837,1,0
5838,0,1
5839,1,0
5840,0,0
5841,1,1
5842,0,0
5843,0,1
5844,1,1
5845,0,0
5846,0,1
5847,0,0
5848,1,1
5849,1,1
5850,1,0
5851,1,1
5852,1,0
5853,0,1
5854,1,1
5855,1,1
5856,1,0
5857,1,1
5858,1,1
5859,1,1
5860,1,1
5861,1,1
5862,1,1
5863,1,1
5864,0,1
5865,0,0
5866,1,0
5867,0,1
5868,1,0
5869,1,0
5870,0,1
5871,0,0
5872,1,1
5873,0,1
5874,0,1
5875,0,1
5876,0,1
5877,1,0
5878,1,1
5879,1,1
5880,1,0
5881,1,1
5882,0,0
5883,0,1
5884,0,1
5885,0,0
5886,1,0
5887,0,1
5888,1,0
5889,1,1
5890,0,0
5891,1,1
5892,1,1
5893,1,0
5894,0,1
5895,0,1
5896,0,1
5897,1,1
5898,0,1
5899,1,0
5900,1,0
5901,0,0
5902,1,0
5903,0,0
5904,1,0
5905,0,1
5906,0,1
5907,0,1
5908,0,0
5909,1,0
5910,1,0
5911,0,0
5912,0,1
5913,1,0
5914,1,0
5915,1,1
5916,1,0
5917,1,1
5918,1,0
5919,0,1
5920,0,0
5921,0,0
5922,1,0
5923,1,1
5924,1,1
5925,1,1
5926,0,1
5927,1,1
5928,0,1
5929,1,1
5930,1,1
5931,1,0
5932,1,1
5933,0,1
5934,0,0
5935,1,1
5936,1,1
5937,1,1
5938,1,0
5939,0,1
5940,0,0
5941,0,0
5942,1,1
5943,0,1
5944,0,1
5945,1,0
5946,0,0
5947,1,1
5948,1,1
5949,1,1
5950,1,1
5951,0,0
5952,0,1
5953,0,1
5954,0,0
5955,1,0
5956,1,0
5957,1,1
5958,0,1
5959,0,1
5960,1,0
5961,1,1
5962,0,1
5963,1,0
5964,1,1
5965,1,0
5966,1,1
5967,0,0
5968,0,0
5969,0,0
5970,1,0
5971,1,1
5972,1,1
5973,0,0
5974,1,1
5975,1,0
5976,0,0
5977,1,0
5978,0,0
5979,0,1
5980,0,1
5981,1,0
5982,1,0
5983,0,1
5984,0,0
5985,1,0
5986,0,1
5987,1,0
5988,0,1
5989,0,0
5990,1,0
5991,0,0
5992,0,0
5993,1,1
5994,1,0
5995,0,1
5996,1,1
5997,1,1
5998,1,0
5999,0,1
6000,1,1
6001,1,0
6002,1,0
6003,0,1
6004,1,0
6005,0,0
6006,1,1
6007,0,1
6008,0,0
6009,1,1
6010,0,0
6011,1,1
6012,1,0
6013,1,1
6014,1,0
6015,1,1
6016,0,0
6017,1,0
6018,0,1
6019,1,0
6020,1,0
6021,1,1
6022,1,1
6023,0,1
6024,0,0
6025,1,1
6026,0,0
6027,1,1
6028,1,1
6029,1,0
6030,1,0
6031,1,1
6032,1,0
6033,0,1
6034,0,1
6035,1,1
6036,0,1
6037,1,1
6038,0,1
6039,1,1
6040,0,0
6041,1,0
6042,0,0
6043,1,0
6044,1,1
6045,1,1
6046,1,0
6047,0,0
6048,0,1
6049,1,1
6050,0,1
6051,1,1
6052,0,1
6053,1,0
6054,1,1
6055,0,0
6056,0,1
6057,0,0
6058,1,0
6059,1,1
6060,0,0
6061,0,1
6062,1,1
6063,0,0
6064,0,1
6065,0,1
6066,1,0
6067,1,0
6068,1,0
6069,0,0
6070,1,1
6071,1,1
6072,1,1
6073,1,0
6074,0,1
6075,0,1
6076,0,1
6077,0,1
6078,0,0
6079,0,1
6080,1,1
6081,1,0
6082,1,1
6083,1,1
6084,0,0
6085,1,1
6086,0,1
6087,0,1
6088,1,1
6089,0,1
6090,1,0
6091,1,1
6092,1,0
6093,1,0
6094,0,1
6095,1,1
6096,0,1
6097,0,1
6098,0,1
6099,1,1
6100,0,1
6101,0,0
6102,1,0
6103,0,1
6104,1,1
6105,1,0
6106,1,1
6107,0,0
6108,1,1
6109,1,0
6110,1,1
6111,0,1
6112,1,0
6113,1,1
6114,1,1
6115,0,1
6116,1,1
6117,0,1
6118,1,1
6119,1,0
6120,0,1
6121,0,1
6122,1,1
6123,1,1
6124,0,1
6125,1,0
6126,1,0
6127,1,0
6128,1,0
6129,1,1
6130,1,1
6131,0,0
6132,1,0
6133,1,1
6134,0,1
6135,1,1
6136,0,1
6137,1,0
6138,1,0
6139,0,0
6140,1,0
6141,1,1
6142,1,1
6143,0,1
6144,1,1
6145,1,1
6146,0,1
6147,1,1
6148,1,1
6149,0,1
6150,0,1
6151,1,0
6152,0,0
6153,1,0
6154,1,1
6155,0,1
6156,0,1
6157,0,1
6158,1,1
6159,0,1
6160,1,0
6161,1,1
6162,1,1
6163,0,1
6164,1,0
6165,1,0
6166,1,1
6167,0,0
6168,1,1
6169,1,1
6170,0,0
6171,1,1
6172,0,0
6173,1,0
6174,0,0
6175,1,0
6176,1,0
6177,1,1
6178,0,1
6179,1,1
6180,1,0
6181,1,1
6182,0,0
6183,0,1
6184,0,0
6185,1,0
6186,1,1
6187,0,1
6188,0,1
6189,0,1
6190,0,0
6191,1,0
6192,1,1
6193,0,1
6194,1,1
6195,1,1
6196,0,1
6197,1,1
6198,0,1
6199,0,1
6200,0,0
6201,1,0
6202,1,1
6203,0,0
6204,1,1
6205,0,1
6206,1,0
6207,0,1
6208,1,1
6209,0,0
6210,1,0
6211,1,1
6212,1,1
6213,1,1
6214,1,0
6215,1,0
6216,1,0
6217,0,0
6218,1,0
6219,0,0
6220,1,1
6221,0,1
6222,1,1
6223,1,0
6224,0,0
6225,0,1
6226,1,0
6227,0,1
6228,1,1
6229,1,0
6230,0,1
6231,1,1
6232,1,1
6233,0,1
6234,0,1
6235,0,1
6236,0,1
6237,1,1
6238,1,0
6239,0,1
6240,1,1
6241,1,1
6242,0,0
6243,0,1
6244,0,1
6245,0,1
6246,1,0
6247,1,1
6248,0,1
6249,0,1
6250,0,1
6251,1,1
6252,1,0
6253,0,0
6254,1,0
6255,0,1
6256,1,1
6257,0,1
6258,0,1
6259,0,1
6260,0,0
6261,1,0
6262,1,0
6263,0,0
6264,0,1
6265,1,1
6266,1,1
6267,0,0
6268,1,1
6269,0,0
6270,1,1
6271,0,1
6272,0,1
6273,0,1
6274,1,1
6275,1,1
6276,1,1
6277,0,1
6278,0,1
6279,0,1
6280,0,0
6281,0,0
6282,0,0
6283,0,1
6284,1,1
6285,1,1
6286,1,0
6287,0,1
6288,1,1
6289,0,1
6290,0,1
6291,1,0
6292,0,1
6293,0,1
6294,0,1
6295,0,1
6296,0,0
6297,1,0
6298,1,0
6299,1,1
6300,1,1
6301,1,0
6302,1,0
6303,1,1
6304,0,1
6305,0,0
6306,1,1
6307,0,1
6308,1,1
6309,1,0
6310,1,1
6311,1,0
6312,0,1
6313,0,1
6314,0,0
6315,1,1
6316,1,1
6317,1,1
6318,0,0
6319,0,1
6320,1,1
6321,1,1
6322,0,0
6323,0,0
6324,1,1
6325,0,1
6326,0,0
6327,1,1
6328,1,0
6329,1,1
6330,0,0
6331,0,1
6332,1,0
6333,0,1
6334,0,1
6335,0,1
6336,0,1
6337,1,1
6338,0,0
6339,1,0
6340,1,1
6341,1,1
6342,0,0
6343,0,0
6344,0,0
6345,1,0
6346,1,0
6347,1,1
6348,1,0
6349,1,1
6350,1,0
6351,0,1
6352,0,0
6353,1,1
6354,1,1
6355,1,1
6356,0,1
6357,0,1
6358,0,1
6359,1,1
6360,0,1
6361,1,0
6362,0,1
6363,0,1
6364,1,1
6365,0,1
6366,1,1
6367,0,1
6368,0,1
6369,0,1
6370,1,1
6371,1,1
6372,1,0
6373,1,1
6374,1,1
6375,1,1
6376,0,1
6377,1,1
6378,1,1
6379,0,1
6380,1,1
6381,1,0
6382,0,0
6383,0,1
6384,1,0
6385,1,1
6386,1,1
6387,0,0
6388,1,1
6389,0,1
6390,1,0
6391,1,1
6392,0,1
6393,0,1
6394,1,0
6395,0,0
6396,1,0
6397,0,1
6398,1,0
6399,0,0
6400,0,1
6401,0,0
6402,0,0
6403,1,0
6404,1,0
6405,0,0
6406,1,0
6407,1,1
6408,1,1
6409,0,1
6410,0,1
6411,1,0
6412,1,1
6413,0,1
6414,0,1
6415,0,1
6416,1,0
6417,1,1
6418,0,0
6419,1,1
6420,0,1
6421,1,1
6422,1,1
6423,0,0
6424,0,0
6425,0,0
6426,0,0
6427,1,1
6428,1,0
6429,1,1
6430,0,0
6431,1,1
6432,1,1
6433,1,0
6434,0,1
6435,1,0
6436,1,0
6437,1,0
6438,1,1
6439,1,0
6440,0,0
6441,0,0
6442,0,0
6443,1,1
6444,1,1
6445,1,0
6446,1,1
6447,0,1
6448,1,1
6449,1,0
6450,1,0
6451,1,1
6452,1,1
6453,0,1
6454,1,1
6455,1,1
6456,0,1
6457,1,1
6458,1,0
6459,1,1
6460,0,0
6461,0,1
6462,0,1
6463,1,1
6464,0,1
6465,1,1
6466,1,1
6467,0,1
6468,0,1
6469,0,1
6470,1,0
6471,0,0
6472,1,0
6473,1,0
6474,1,1
6475,0,1
6476,1,0
6477,0,1
6478,0,1
6479,1,1
6480,1,1
6481,1,0
6482,1,1
6483,1,1
6484,1,0
6485,0,1
6486,1,0
6487,1,0
6488,1,1
6489,1,0
6490,0,0
6491,1,1
6492,0,0
6493,1,1
6494,1,0
6495,0,1
6496,1,0
6497,1,0
6498,1,0
6499,0,1
6500,1,0
6501,0,1
6502,0,0
6503,1,0
6504,1,1
6505,1,0
6506,1,0
6507,0,0
6508,1,0
6509,0,1
6510,1,0
6511,1,1
6512,0,1
6513,1,0
6514,1,1
6515,1,1
6516,1,1
6517,1,1
6518,0,0
6519,1,0
6520,1,1
6521,1,1
6522,0,1
6523,1,1
6524,0,0
6525,1,0
6526,0,0
6527,1,1
6528,0,0
6529,1,0
6530,0,0
6531,0,0
6532,0,1
6533,0,1
6534,0,0
6535,0,1
6536,1,1
6537,0,1
6538,1,0
6539,0,1
6540,0,1
6541,0,0
6542,1,0
6543,1,0
6544,0,0
6545,0,0
6546,1,0
6547,0,0
6548,1,1
6549,0,1
6550,0,0
6551,1,0
6552,0,1
6553,0,0
6554,1,1
6555,0,0
6556,0,1
6557,0,0
6558,0,0
6559,0,0
6560,1,1
6561,1,1
6562,1,1
6563,1,1
6564,0,1
6565,0,0
6566,1,1
6567,1,1
6568,1,1
6569,1,0
6570,1,0
6571,1,1
6572,1,1
6573,0,1
6574,0,1
6575,1,1
6576,0,0
6577,1,1
6578,1,1
6579,1,0
6580,1,0
6581,1,0
6582,0,1
6583,0,0
6584,1,0
6585,0,0
6586,1,1
6587,0,0
6588,1,0
6589,1,0
6590,1,0
6591,0,0
6592,0,1
6593,1,1
6594,0,0
6595,1,0
6596,0,1
6597,1,0
6598,1,1
6599,1,0
6600,1,1
6601,1,1
6602,1,0
6603,1,1
6604,1,1
6605,1,1
6606,1,1
6607,1,0
6608,1,1
6609,1,1
6610,0,0
6611,0,0
6612,1,1
6613,1,1
6614,1,1
6615,0,1
6616,0,0
6617,1,0
6618,1,0
6619,1,1
6620,1,1
6621,0,1
6622,1,1
6623,0,0
6624,1,1
6625,0,1
6626,1,1
6627,0,1
6628,0,0
6629,0,0
6630,1,1
6631,0,1
6632,1,1
6633,0,1
6634,1,0
6635,0,0
6636,1,1
6637,0,1
6638,0,0
6639,1,1
6640,1,1
6641,1,1
6642,1,1
6643,0,0
6644,0,1
6645,0,0
6646,1,1
6647,1,1
6648,0,1
6649,1,1
6650,0,1
6651,0,1
6652,0,1
6653,0,0
6654,1,1
6655,1,0
6656,0,1
6657,0,1
6658,1,1
6659,1,0
6660,1,0
6661,0,1
6662,1,0
6663,0,0
6664,1,1
6665,1,1
6666,1,1
6667,1,1
6668,1,1
6669,1,0
6670,0,1
6671,0,1
6672,0,1
6673,1,1
6674,1,1
6675,0,1
6676,1,1
6677,1,1
6678,0,1
6679,1,1
6680,1,0
6681,0,0
6682,0,1
6683,0,1
6684,1,0
6685,1,0
6686,1,1
6687,0,0
6688,0,0
6689,0,1
6690,0,0
6691,1,1
6692,0,0
6693,1,0
6694,1,0
6695,1,0
6696,1,1
6697,1,0
6698,1,0
6699,1,1
6700,1,1
6701,0,0
6702,1,1
6703,0,0
6704,1,0
6705,0,1
6706,1,0
6707,1,0
6708,0,1
6709,1,0
6710,1,0
6711,1,0
6712,0,0
6713,0,1
6714,0,1
6715,1,1
6716,1,0
6717,1,0
6718,1,1
6719,1,0
6720,1,1
6721,0,1
6722,1,0
6723,0,1
6724,1,1
6725,1,0
6726,1,1
6727,1,0
6728,1,0
6729,1,1
6730,1,0
6731,1,0
6732,0,1
6733,1,1
6734,1,1
6735,0,1
6736,1,0
6737,0,0
6738,1,0
6739,1,1
6740,0,0
6741,1,1
6742,1,1
6743,1,1
6744,1,1
6745,1,1
6746,1,0
6747,1,1
6748,1,1
6749,1,1
6750,1,0
6751,0,1
6752,0,1
6753,1,0
6754,1,1
6755,1,1
6756,1,1
6757,1,1
6758,1,0
6759,1,1
6760,1,0
6761,0,0
6762,1,0
6763,0,1
6764,0,1
6765,1,0
6766,1,0
6767,0,1
6768,1,0
6769,0,1
6770,0,1
6771,1,0
6772,1,0
6773,1,1
6774,1,1
6775,0,0
6776,0,1
6777,0,1
6778,1,1
6779,0,1
6780,0,1
6781,1,1
6782,1,1
6783,0,1
6784,1,1
6785,0,1
6786,1,1
6787,0,0
6788,0,0
6789,0,1
6790,0,1
6791,1,1
6792,1,1
6793,0,1
6794,1,0
6795,1,0
6796,1,1
6797,1,1
6798,1,0
6799,0,0
6800,0,1
6801,0,0
6802,0,1
6803,1,1
6804,1,0
6805,1,0
6806,1,0
6807,1,1
6808,1,0
6809,1,1
6810,1,0
6811,0,1
6812,1,1
6813,1,1
6814,1,0
6815,1,1
6816,1,1
6817,1,0
6818,0,1
6819,1,1
6820,1,0
6821,1,1
6822,1,1
6823,0,0
6824,1,0
6825,0,1
6826,0,0
6827,0,1
6828,1,0
6829,1,0
6830,1,1
6831,1,1
6832,1,1
6833,1,1
6834,0,0
6835,1,1
6836,0,1
6837,0,1
6838,1,1
6839,1,0
6840,0,1
6841,0,1
6842,0,0
6843,1,0
6844,0,0
6845,1,1
6846,1,1
6847,1,1
6848,0,1
6849,0,0
6850,1,1
6851,0,0
6852,0,0
6853,0,0
6854,1,0
6855,1,0
6856,1,1
6857,1,1
6858,0,0
6859,1,0
6860,0,0
6861,1,1
6862,1,1
6863,0,1
6864,0,0
6865,1,1
6866,1,0
6867,0,1
6868,1,0
6869,0,1
6870,1,0
6871,1,1
6872,0,0
6873,0,0
6874,1,0
6875,1,1
6876,1,1
6877,0,1
6878,0,0
6879,0,1
6880,0,0
6881,0,0
6882,1,1
6883,1,1
6884,1,1
6885,0,1
6886,0,0
6887,0,1
6888,0,1
6889,0,0
6890,0,1
6891,1,1
6892,1,1
6893,0,0
6894,0,1
6895,0,0
6896,1,1
6897,0,1
6898,1,1
6899,0,0
6900,1,0
6901,1,0
6902,1,1
6903,0,1
6904,0,1
6905,1,1
6906,1,1
6907,1,1
6908,1,1
6909,0,0
6910,0,1
6911,1,0
6912,1,0
6913,0,1
6914,0,0
6915,1,1
6916,1,0
6917,1,1
6918,1,1
6919,1,1
6920,1,1
6921,0,1
6922,0,1
6923,0,0
6924,1,1
6925,1,1
6926,1,1
6927,0,0
6928,0,1
6929,0,1
6930,1,1
6931,1,1
6932,1,1
6933,1,1
6934,1,1
6935,0,1
6936,0,0
6937,1,1
6938,1,0
6939,1,1
6940,0,1
6941,1,1
6942,0,1
6943,1,0
6944,0,0
6945,1,1
6946,0,1
6947,0,1
6948,1,0
6949,0,1
6950,1,1
6951,1,0
6952,1,0
6953,1,0
6954,0,1
6955,1,1
6956,1,1
6957,0,1
6958,1,0
6959,1,1
6960,0,1
6961,1,0
6962,1,0
6963,1,1
6964,1,1
6965,1,1
6966,1,1
6967,0,1
6968,1,1
6969,1,1
6970,1,1
6971,0,0
6972,1,1
6973,1,1
6974,0,0
6975,1,1
6976,1,0
6977,1,0
6978,0,1
6979,0,1
6980,1,1
6981,1,1
6982,0,1
6983,0,0
6984,0,0
6985,1,0
6986,1,1
6987,0,0
6988,0,0
6989,0,0
6990,0,0
6991,0,1
6992,0,0
6993,0,0
6994,1,1
6995,1,1
6996,1,1
6997,0,0
6998,0,1
6999,1,0
7000,0,0
7001,1,0
7002,0,0
7003,0,0
7004,1,0
7005,0,0
7006,0,1
7007,0,1
7008,1,1
7009,0,0
7010,0,0
7011,0,1
7012,0,0
7013,0,0
7014,0,1
7015,1,0
7016,0,1
7017,0,1
7018,1,1
7019,0,1
7020,0,1
7021,0,0
7022,1,1
7023,0,1
7024,1,0
7025,0,1
7026,1,1
7027,1,0
7028,1,1
7029,0,1
7030,1,1
7031,1,0
7032,0,1
7033,1,0
7034,1,1
7035,1,1
7036,0,1
7037,1,0
7038,0,0
7039,0,1
7040,0,1
7041,0,1
7042,0,1
7043,0,0
7044,0,1
7045,1,1
7046,1,1
7047,0,0
7048,0,0
7049,1,1
7050,0,0
7051,1,0
7052,1,0
7053,1,1
7054,1,0
7055,1,1
7056,0,0
7057,0,1
7058,1,0
7059,0,0
7060,1,0
7061,1,0
7062,0,0
7063,1,0
7064,0,1
7065,0,1
7066,1,1
7067,1,1
7068,0,1
7069,1,1
7070,0,0
7071,1,1
7072,0,1
7073,1,1
7074,1,0
7075,0,1
7076,1,1
7077,1,1
7078,1,1
7079,1,1
7080,1,1
7081,1,0
7082,0,1
7083,0,1
7084,1,0
7085,1,0
7086,1,0
7087,0,0
7088,0,1
7089,0,1
7090,1,0
7091,0,0
7092,1,1
7093,0,0
7094,1,1
7095,1,1
7096,0,0
7097,0,0
7098,1,1
7099,0,1
7100,0,1
7101,1,0
7102,0,1
7103,0,1
7104,1,1
7105,1,1
7106,0,1
7107,1,0
7108,1,1
7109,1,1
7110,0,1
7111,0,0
7112,1,0
7113,0,1
7114,1,1
7115,0,0
7116,1,1
7117,0,1
7118,1,1
7119,0,1
7120,1,0
7121,1,1
7122,1,1
7123,0,0
7124,0,1
7125,0,1
7126,1,1
7127,1,0
7128,1,1
7129,0,1
7130,0,1
7131,0,0
7132,0,1
7133,1,1
7134,1,1
7135,0,0
7136,1,1
7137,1,1
7138,1,0
7139,0,0
7140,1,0
7141,0,0
7142,0,0
7143,1,1
7144,0,1
7145,1,1
7146,0,0
7147,1,0
7148,0,1
7149,1,0
7150,1,0
7151,0,0
7152,0,1
7153,0,0
7154,1,1
7155,1,1
7156,0,1
7157,0,1
7158,1,1
7159,1,0
7160,0,1
7161,1,0
7162,1,0
7163,1,1
7164,1,1
7165,1,1
7166,0,1
7167,0,1
7168,0,0
7169,1,1
7170,1,1
7171,1,0
7172,1,1
7173,1,0
7174,0,1
7175,1,1
7176,0,0
7177,1,1
7178,1,1
7179,1,0
7180,1,1
7181,1,1
7182,1,0
7183,0,1
7184,1,1
7185,1,0
7186,0,1
7187,0,1
7188,0,0
7189,0,1
7190,1,0
7191,1,1
7192,1,1
7193,0,1
7194,1,0
7195,0,0
7196,1,1
7197,1,1
7198,1,1
7199,1,1
7200,0,0
7201,0,0
7202,1,1
7203,1,1
7204,1,1
7205,0,0
7206,1,1
7207,0,1
7208,1,1
7209,1,1
7210,1,1
7211,0,1
7212,0,0
7213,1,0
7214,0,1
7215,1,0
7216,1,0
7217,0,1
7218,1,1
7219,1,1
7220,1,1
7221,1,0
7222,0,0
7223,1,1
7224,1,1
7225,0,1
7226,1,1
7227,0,1
7228,1,0
7229,0,1
7230,1,1
7231,1,0
7232,0,0
7233,1,0
7234,1,1
7235,1,1
7236,1,0
7237,1,1
7238,1,1
7239,1,0
7240,0,0
7241,0,1
7242,1,0
7243,0,1
7244,1,1
7245,1,1
7246,1,1
7247,1,1
7248,0,1
7249,0,1
7250,0,1
7251,1,0
7252,1,1
7253,0,0
7254,1,1
7255,1,1
7256,0,1
7257,1,0
7258,1,1
7259,0,1
7260,1,0
7261,1,1
7262,0,1
7263,1,0
7264,1,1
7265,0,1
7266,1,0
7267,1,1
7268,1,1
7269,1,1
7270,1,1
7271,1,1
7272,1,0
7273,1,1
7274,1,0
7275,1,0
7276,1,0
7277,1,0
7278,1,1
7279,0,0
7280,1,1
7281,1,0
7282,1,0
7283,0,1
7284,0,0
7285,1,0
7286,0,0
7287,1,1
7288,0,1
7289,0,1
7290,1,0
7291,0,1
7292,0,0
7293,1,1
7294,0,0
7295,1,0
7296,1,0
7297,1,1
7298,1,1
7299,1,1
7300,1,0
7301,0,0
7302,1,0
7303,0,0
7304,1,0
7305,1,1
7306,1,1
7307,1,1
7308,1,0
7309,1,1
7310,0,1
7311,1,0
7312,1,1
7313,1,1
7314,1,1
7315,0,1
7316,1,1
7317,0,1
7318,1,0
7319,1,0
7320,1,0
7321,0,1
7322,1,1
7323,1,1
7324,1,1
7325,0,1
7326,1,1
7327,0,0
7328,1,1
7329,1,1
7330,1,1
7331,1,0
7332,1,0
7333,1,1
7334,1,0
7335,1,1
7336,0,1
7337,1,0
7338,1,0
7339,1,0
7340,0,1
7341,1,0
7342,1,1
7343,0,0
7344,1,1
7345,1,1
7346,1,1
7347,1,0
7348,1,1
7349,1,1
7350,1,1
7351,1,1
7352,1,1
7353,1,1
7354,1,1
7355,1,0
7356,0,0
7357,0,1
7358,1,1
7359,0,1
7360,1,1
7361,1,1
7362,0,1
7363,0,1
7364,0,1
7365,1,1
7366,1,1
7367,1,0
7368,0,0
7369,0,0
7370,1,0
7371,0,1
7372,0,1
7373,1,1
7374,1,0
7375,1,0
7376,1,1
7377,1,0
7378,1,1
7379,1,1
7380,0,0
7381,0,1
7382,0,0
7383,0,0
7384,0,0
7385,0,1
7386,0,1
7387,0,1
7388,1,1
7389,1,0
7390,1,0
7391,1,0
7392,1,1
7393,1,1
7394,0,0
7395,1,0
7396,1,1
7397,0,1
7398,0,1
7399,0,0
7400,0,0
7401,1,0
7402,1,0
7403,0,1
7404,1,0
7405,1,0
7406,1,1
7407,1,1
7408,1,1
7409,1,1
7410,0,1
7411,1,0
7412,0,0
7413,0,1
7414,1,1
7415,0,0
7416,0,0
7417,0,1
7418,0,1
7419,1,0
7420,1,0
7421,1,1
7422,0,0
7423,1,0
7424,1,0
7425,1,1
7426,0,0
7427,1,1
7428,0,1
7429,1,1
7430,1,0
7431,1,0
7432,1,1
7433,0,1
7434,0,0
7435,1,1
7436,1,1
7437,0,1
7438,1,1
7439,1,0
7440,1,1
7441,0,1
7442,0,0
7443,1,0
7444,1,1
7445,0,0
7446,0,1
7447,1,1
7448,0,0
7449,0,1
7450,1,0
7451,1,1
7452,0,1
7453,0,1
7454,1,1
7455,0,1
7456,0,1
7457,0,1
7458,1,1
7459,1,0
7460,1,1
7461,0,1
7462,0,1
7463,0,1
7464,1,1
7465,1,0
7466,1,1
7467,0,0
7468,1,1
7469,1,0
7470,1,1
7471,1,1
7472,1,0
7473,0,1
7474,0,1
7475,0,0
7476,1,1
7477,0,1
7478,0,0
7479,1,0
7480,0,1
7481,1,0
7482,1,0
7483,0,1
7484,1,1
7485,1,0
7486,0,1
7487,0,1
7488,0,0
7489,0,1
7490,1,1
7491,0,1
7492,0,1
7493,0,0
7494,1,1
7495,1,0
7496,1,1
7497,1,1
7498,1,1
7499,1,1
7500,1,1
7501,1,1
7502,0,0
7503,0,0
7504,0,0
7505,0,0
7506,0,0
7507,1,1
7508,0,1
7509,1,0
7510,1,1
7511,1,1
7512,1,0
7513,1,1
7514,0,1
7515,0,1
7516,1,1
7517,1,1
7518,1,1
7519,1,1
7520,1,0
7521,1,1
7522,0,0
7523,0,0
7524,0,1
7525,1,0
7526,1,0
7527,0,1
7528,0,1
7529,1,1
7530,1,0
7531,0,1
7532,0,1
7533,1,1
7534,0,0
7535,1,0
7536,1,1
7537,0,0
7538,1,1
7539,0,0
7540,1,1
7541,1,1
7542,0,0
7543,0,0
7544,1,0
7545,0,0
7546,1,0
7547,1,1
7548,1,1
7549,0,1
7550,1,0
7551,1,1
7552,1,1
7553,1,1
7554,1,0
7555,1,0
7556,1,1
7557,0,1
7558,0,1
7559,0,1
7560,1,0
7561,0,1
7562,1,0
7563,1,1
7564,0,1
7565,0,0
7566,1,1
7567,1,1
7568,0,1
7569,0,1
7570,1,1
7571,1,1
7572,1,1
7573,0,1
7574,0,1
7575,1,1
7576,1,0
7577,1,0
7578,0,0
7579,0,0
7580,1,0
7581,0,1
7582,0,1
7583,1,1
7584,1,0
7585,1,1
7586,1,0
7587,1,0
7588,0,0
7589,1,1
7590,1,0
7591,1,1
7592,0,0
7593,0,0
7594,1,1
7595,0,0
7596,1,1
7597,1,1
7598,0,0
7599,1,1
7600,0,0
7601,0,1
7602,1,1
7603,0,1
7604,1,0
7605,0,0
7606,0,1
7607,0,0
7608,1,1
7609,1,1
7610,1,0
7611,0,1
7612,0,1
7613,1,0
7614,0,0
7615,1,0
7616,1,1
7617,0,1
7618,0,1
7619,0,0
7620,0,0
7621,1,0
7622,1,1
7623,0,1
7624,1,0
7625,0,0
7626,1,1
7627,1,1
7628,1,1
7629,1,0
7630,1,1
7631,1,0
7632,0,1
7633,1,1
7634,0,1
7635,0,1
7636,1,1
7637,0,1
7638,0,1
7639,0,0
7640,0,1
7641,1,1
7642,1,1
7643,0,1
7644,1,1
7645,1,0
7646,0,1
7647,0,0
7648,1,0
7649,1,1
7650,0,0
7651,0,0
7652,0,1
7653,1,1
7654,1,0
7655,1,1
7656,1,0
7657,0,0
7658,0,1
7659,0,1
7660,0,1
7661,1,1
7662,0,0
7663,1,0
7664,0,1
7665,0,1
7666,0,0
7667,1,1
7668,1,1
7669,0,0
7670,1,1
7671,1,0
7672,1,1
7673,0,1
7674,0,0
7675,0,1
7676,0,1
7677,0,0
7678,1,0
7679,0,1
7680,0,1
7681,0,1
7682,0,1
7683,1,0
7684,0,0
7685,1,1
7686,1,1
7687,1,0
7688,1,0
7689,0,1
7690,1,1
7691,0,0
7692,0,1
7693,1,1
7694,1,1
7695,1,0
7696,1,1
7697,0,1
7698,1,1
7699,0,1
7700,0,1
7701,1,1
7702,0,0
7703,1,1
7704,1,1
7705,1,1
7706,1,1
7707,1,0
7708,1,1
7709,1,1
7710,1,1
7711,1,1
7712,0,0
7713,1,0
7714,1,1
7715,1,1
7716,1,1
7717,1,1
7718,0,1
7719,1,0
7720,0,1
7721,1,1
7722,1,0
7723,0,1
7724,1,1
7725,1,1
7726,1,1
7727,1,1
7728,0,0
7729,1,0
7730,0,1
7731,0,0
7732,1,1
7733,1,1
7734,0,1
7735,0,1
7736,1,0
7737,1,0
7738,0,1
7739,1,0
7740,0,0
7741,1,1
7742,0,0
7743,0,1
7744,1,1
7745,1,1
7746,1,0
7747,0,1
7748,1,0
7749,1,0
7750,1,1
7751,0,1
7752,0,1
7753,0,0
7754,1,1
7755,1,1
7756,1,1
7757,1,0
7758,0,0
7759,1,1
7760,0,0
7761,0,1
7762,0,1
7763,0,1
7764,1,0
7765,1,0
7766,1,0
7767,1,1
7768,0,1
7769,0,1
7770,1,0
7771,1,1
7772,1,0
7773,0,0
7774,1,1
7775,1,0
7776,0,1
7777,1,1
7778,1,1
7779,1,1
7780,0,0
7781,0,0
7782,1,1
7783,1,1
7784,1,0
7785,0,0
7786,1,1
7787,1,1
7788,1,1
7789,1,1
7790,1,0
7791,0,1
7792,0,1
7793,1,1
7794,1,1
7795,1,1
7796,0,1
7797,0,1
7798,1,1
7799,1,1
7800,1,1
7801,0,1
7802,1,1
7803,0,1
7804,0,1
7805,1,0
7806,0,1
7807,1,1
7808,0,0
7809,1,0
7810,1,1
7811,0,0
7812,1,0
7813,1,0
7814,0,1
7815,1,1
7816,0,1
7817,1,1
7818,0,1
7819,1,0
7820,1,1
7821,0,1
7822,1,0
7823,1,1
7824,0,1
7825,1,0
7826,1,1
7827,1,1
7828,1,1
7829,1,1
7830,0,1
7831,0,0
7832,1,1
7833,0,0
7834,1,0
7835,0,1
7836,0,1
7837,1,1
7838,1,1
7839,1,1
7840,1,1
7841,0,1
7842,0,1
7843,0,1
7844,0,0
7845,1,1
7846,1,1
7847,0,1
7848,1,0
7849,0,0
7850,0,1
7851,1,1
7852,1,1
7853,0,0
7854,0,0
7855,1,0
7856,1,1
7857,0,1
7858,1,0
7859,0,1
7860,1,0
7861,0,0
7862,0,0
7863,1,1
7864,1,0
7865,1,0
7866,0,1
7867,0,0
7868,1,1
7869,1,0
7870,1,1
7871,0,1
7872,0,1
7873,1,1
7874,1,0
7875,0,0
7876,0,0
7877,0,0
7878,0,1
7879,1,1
7880,1,1
7881,0,1
7882,0,0
7883,1,1
7884,0,1
7885,0,0
7886,1,1
7887,0,1
7888,1,0
7889,1,1
7890,1,1
7891,1,0
7892,0,0
7893,0,0
7894,1,0
7895,0,0
7896,0,0
7897,0,1
7898,0,1
7899,1,1
7900,1,0
7901,0,0
7902,0,0
7903,1,1
7904,1,0
7905,0,0
7906,1,0
7907,1,0
7908,1,0
7909,1,0
7910,1,1
7911,0,1
7912,1,1
7913,1,1
7914,1,0
7915,0,1
7916,0,1
7917,0,1
7918,1,0
7919,1,0
7920,1,1
7921,1,0
7922,1,1
7923,0,0
7924,1,1
7925,1,0
7926,1,1
7927,1,1
7928,1,0
7929,1,1
7930,1,1
7931,1,0
7932,0,0
7933,1,1
7934,0,0
7935,1,1
7936,1,0
7937,1,1
7938,1,1
7939,1,0
7940,1,0
7941,1,1
7942,0,1
7943,1,1
7944,0,0
7945,0,0
7946,1,0
7947,1,1
7948,1,1
7949,1,0
7950,0,1
7951,0,1
7952,0,1
7953,1,1
7954,1,1
7955,1,1
7956,1,1
7957,1,1
7958,0,0
7959,0,1
7960,1,0
7961,1,1
7962,0,1
7963,1,1
7964,0,0
7965,1,0
7966,1,0
7967,1,1
7968,0,1
7969,0,1
7970,0,0
7971,1,1
7972,0,1
7973,0,0
7974,0,1
7975,0,1
7976,0,1
7977,1,0
7978,0,1
7979,1,1
7980,1,0
7981,0,1
7982,1,1
7983,1,0
7984,1,1
7985,1,0
7986,1,1
7987,0,1
7988,0,1
7989,1,0
7990,1,1
7991,1,0
7992,1,0
7993,0,0
7994,1,1
7995,1,1
7996,1,1
7997,1,0
7998,1,0
7999,1,1
8000,0,0
8001,1,0
8002,0,0
8003,0,1
8004,1,1
8005,1,0
8006,1,1
8007,1,0
8008,1,1
8009,0,1
8010,0,1
8011,0,0
8012,1,1
8013,1,1
8014,0,1
8015,0,1
8016,1,0
8017,1,0
8018,0,1
8019,0,0
8020,1,0
8021,0,1
8022,0,1
8023,1,1
8024,1,1
8025,1,1
8026,1,1
8027,1,0
8028,1,1
8029,1,1
8030,1,1
8031,1,1
8032,1,0
8033,0,0
8034,1,0
8035,0,0
8036,1,0
8037,1,1
8038,1,1
8039,1,0
8040,1,0
8041,1,0
8042,1,0
8043,1,1
8044,1,1
8045,1,0
8046,1,0
8047,1,1
8048,0,0
8049,1,1
8050,1,1
8051,1,1
8052,1,1
8053,1,1
8054,0,1
8055,0,1
8056,0,1
8057,0,1
8058,1,1
8059,1,1
8060,1,1
8061,1,1
8062,0,0
8063,0,1
8064,0,0
8065,1,0
8066,1,1
8067,0,1
8068,1,0
8069,1,1
8070,1,1
8071,1,0
8072,0,0
8073,0,1
8074,0,1
8075,0,1
8076,0,0
8077,1,1
8078,1,1
8079,0,1
8080,1,0
8081,1,1
8082,1,1
8083,1,1
8084,0,0
8085,1,1
8086,0,0
8087,1,1
8088,1,0
8089,0,1
8090,1,0
8091,0,0
8092,0,1
8093,1,0
8094,1,1
8095,1,0
8096,1,0
8097,1,1
8098,0,1
8099,1,0
8100,1,0
8101,1,1
8102,0,1
8103,0,1
8104,1,0
8105,0,0
8106,0,0
8107,1,1
8108,1,0
8109,0,1
8110,1,1
8111,0,1
8112,1,0
8113,0,1
8114,1,1
8115,0,1
8116,0,1
8117,1,1
8118,1,0
8119,1,1
8120,1,1
8121,1,1
8122,0,1
8123,0,1
8124,0,1
8125,0,1
8126,1,1
8127,0,1
8128,0,1
8129,1,1
8130,0,0
8131,0,1
8132,0,0
8133,1,1
8134,1,0
8135,0,1
8136,1,1
8137,1,0
8138,0,1
8139,1,0
8140,1,1
8141,1,1
8142,1,1
8143,0,1
8144,1,0
8145,0,0
8146,1,1
8147,0,1
8148,0,1
8149,1,1
8150,0,1
8151,0,1
8152,0,0
8153,0,1
8154,1,1
8155,0,1
8156,1,0
8157,1,1
8158,0,1
8159,0,1
8160,1,1
8161,1,0
8162,1,1
8163,1,1
8164,1,1
8165,1,1
8166,0,1
8167,1,1
8168,1,1
8169,1,0
8170,0,0
8171,0,0
8172,1,0
8173,1,0
8174,1,1
8175,1,1
8176,1,1
8177,0,1
8178,1,0
8179,1,0
8180,0,0
8181,0,0
8182,0,1
8183,0,0
8184,1,1
8185,0,1
8186,0,1
8187,1,1
8188,0,1
8189,0,0
8190,1,1
8191,0,1
8192,1,1
8193,0,1
8194,1,1
8195,0,1
8196,1,1
8197,1,0
8198,0,0
8199,0,0
8200,0,0
8201,1,0
8202,1,0
8203,0,1
8204,1,1
8205,0,0
8206,0,1
8207,0,0
8208,0,0
8209,1,1
8210,1,0
8211,0,1
8212,1,1
8213,0,1
8214,1,1
8215,0,0
8216,1,1
8217,0,0
8218,0,0
8219,1,1
8220,1,1
8221,1,0
8222,0,1
8223,1,1
8224,0,0
8225,1,1
8226,1,0
8227,1,0
8228,0,1
8229,1,1
8230,1,1
8231,1,0
8232,1,0
8233,1,0
8234,1,1
8235,1,0
8236,0,0
8237,1,0
8238,1,1
8239,0,1
8240,1,1
8241,0,0
8242,1,1
8243,0,0
8244,0,1
8245,0,0
8246,1,0
8247,1,1
8248,1,1
8249,1,1
8250,1,0
8251,1,1
8252,1,1
8253,1,1
8254,1,1
8255,1,1
8256,0,0
8257,0,1
8258,1,0
8259,1,1
8260,1,1
8261,1,1
8262,0,1
8263,1,0
8264,1,0
8265,0,1
8266,1,0
8267,1,1
8268,1,1
8269,1,1
8270,1,1
8271,0,1
8272,1,1
8273,1,0
8274,0,1
8275,1,0
8276,0,0
8277,1,1
8278,1,1
8279,0,1
8280,1,0
8281,1,0
8282,0,1
8283,0,1
8284,1,1
8285,1,1
8286,1,1
8287,0,1
8288,1,1
8289,0,1
8290,0,0
8291,0,1
8292,0,1
8293,1,1
8294,1,0
8295,1,0
8296,1,0
8297,0,1
8298,0,1
8299,1,0
8300,1,0
8301,1,1
8302,1,0
8303,1,0
8304,1,1
8305,1,0
8306,1,1
8307,0,1
8308,1,0
8309,1,1
8310,1,0
8311,0,1
8312,1,1
8313,1,0
8314,0,1
8315,1,1
8316,0,1
8317,1,1
8318,1,1
8319,1,1
8320,0,0
8321,1,0
8322,1,1
8323,0,1
8324,1,1
8325,1,0
8326,1,0
8327,1,1
8328,0,0
8329,0,0
8330,1,0
8331,0,1
8332,1,1
8333,0,0
8334,1,1
8335,1,1
8336,1,1
8337,0,1
8338,0,1
8339,1,1
8340,1,1
8341,1,1
8342,0,0
8343,0,0
8344,0,0
8345,1,1
8346,1,0
8347,1,0
8348,0,1
8349,0,0
8350,1,1
8351,1,0
8352,1,1
8353,0,0
8354,0,1
8355,1,0
8356,1,1
8357,0,1
8358,0,1
8359,0,0
8360,1,0
8361,1,1
8362,1,1
8363,0,1
8364,1,0
8365,0,1
8366,0,0
8367,0,0
8368,1,0
8369,0,1
8370,1,1
8371,1,1
8372,1,1
8373,1,1
8374,1,0
8375,1,1
8376,1,1
8377,1,0
8378,0,0
8379,0,1
8380,1,0
8381,1,1
8382,1,1
8383,0,0
8384,0,0
8385,0,1
8386,1,1
8387,1,1
8388,0,1
8389,1,0
8390,1,1
8391,1,1
8392,1,1
8393,0,0
8394,1,1
8395,1,1
8396,0,0
8397,1,1
8398,0,1
8399,0,0
8400,1,0
8401,0,1
8402,1,1
8403,0,1
8404,0,1
8405,1,0
8406,1,1
8407,1,0
8408,1,0
8409,1,1
8410,1,1
8411,1,0
8412,1,0
8413,0,1
8414,1,1
8415,0,1
8416,1,1
8417,1,0
8418,1,0
8419,0,1
8420,1,1
8421,0,0
8422,1,1
8423,0,0
8424,1,1
8425,1,1
8426,0,1
8427,0,0
8428,0,1
8429,1,0
8430,1,1
8431,1,0
8432,0,1
8433,1,1
8434,0,1
8435,0,0
8436,0,0
8437,0,1
8438,1,1
8439,0,0
8440,0,1
8441,0,1
8442,0,0
8443,1,1
8444,0,0
8445,1,1
8446,1,0
8447,1,0
8448,1,0
8449,1,0
8450,1,1
8451,0,0
8452,0,1
8453,1,1
8454,1,1
8455,0,1
8456,1,0
8457,1,0
8458,0,1
8459,0,1
8460,0,0
8461,1,0
8462,1,1
8463,1,1
8464,1,0
8465,1,1
8466,0,1
8467,0,1
8468,1,1
8469,0,1
8470,1,0
8471,0,1
8472,1,1
8473,1,1
8474,0,1
8475,1,1
8476,1,1
8477,1,0
8478,1,1
8479,0,1
8480,1,0
8481,0,1
8482,1,1
8483,1,1
8484,0,0
8485,0,0
8486,0,1
8487,0,1
8488,1,1
8489,1,0
8490,1,1
8491,1,1
8492,1,1
8493,1,0
8494,0,0
8495,1,0
8496,1,1
8497,1,0
8498,1,0
8499,1,1
8500,1,1
8501,1,1
8502,1,0
8503,1,0
8504,1,1
8505,0,0
8506,0,1
8507,1,1
8508,1,1
8509,0,1
8510,0,1
8511,0,1
8512,1,0
8513,0,1
8514,1,1
8515,1,0
8516,1,1
8517,1,0
8518,0,0
8519,0,0
8520,1,1
8521,0,1
8522,0,0
8523,0,0
8524,1,1
8525,0,0
8526,0,0
8527,1,1
8528,1,0
8529,1,1
8530,0,0
8531,1,1
8532,1,1
8533,1,1
8534,0,1
8535,1,1
8536,0,1
8537,0,1
8538,0,1
8539,1,0
8540,1,0
8541,1,1
8542,1,1
8543,1,1
8544,0,0
8545,0,0
8546,1,1
8547,1,0
8548,1,0
8549,1,1
8550,0,1
8551,1,0
8552,1,1
8553,1,0
8554,0,1
8555,1,1
8556,1,1
8557,0,1
8558,0,1
8559,0,0
8560,1,0
8561,1,1
8562,0,0
8563,0,0
8564,1,1
8565,0,1
8566,0,0
8567,1,0
8568,1,1
8569,0,0
8570,0,0
8571,0,0
8572,0,1
8573,0,0
8574,1,1
8575,0,1
8576,1,1
8577,0,1
8578,0,1
8579,0,1
8580,1,1
8581,0,1
8582,1,1
8583,0,0
8584,0,1
8585,1,1
8586,0,0
8587,1,1
8588,1,1
8589,0,0
8590,1,0
8591,0,1
8592,1,0
8593,0,1
8594,1,0
8595,1,0
8596,1,0
8597,1,0
8598,1,0
8599,0,0
8600,1,1
8601,1,1
8602,0,1
8603,1,0
8604,1,0
8605,1,0
8606,1,0
8607,0,1
8608,0,1
8609,0,1
8610,0,0
8611,0,0
8612,1,0
8613,1,0
8614,1,0
8615,1,1
8616,0,1
8617,0,0
8618,1,0
8619,1,1
8620,1,0
8621,0,1
8622,1,1
8623,0,1
8624,0,1
8625,1,1
8626,1,1
8627,0,1
8628,1,0
8629,0,1
8630,1,1
8631,0,1
8632,0,1
8633,1,0
8634,1,0
8635,0,0
8636,1,1
8637,1,1
8638,0,0
8639,0,1
8640,1,1
8641,1,1
8642,1,1
8643,0,1
8644,0,1
8645,0,0
8646,1,1
8647,0,1
8648,1,1
8649,1,1
8650,1,1
8651,1,1
8652,0,1
8653,0,1
8654,1,1
8655,1,1
8656,0,1
8657,0,0
8658,0,0
8659,0,0
8660,0,1
8661,1,1
8662,0,1
8663,0,1
8664,0,1
8665,0,0
8666,1,1
8667,0,1
8668,0,0
8669,1,0
8670,0,0
8671,1,1
8672,1,1
8673,1,1
8674,0,0
8675,1,1
8676,1,0
8677,1,0
8678,1,1
8679,1,0
8680,0,0
8681,1,1
8682,1,1
8683,1,1
8684,0,0
8685,0,0
8686,0,1
8687,1,1
8688,0,0
8689,1,1
8690,1,0
8691,0,1
8692,0,1
8693,1,0
8694,0,1
8695,1,1
8696,1,1
8697,1,1
8698,1,0
8699,0,0
8700,1,1
8701,1,0
8702,1,1
8703,0,1
8704,1,1
8705,1,1
8706,1,1
8707,0,0
8708,0,1
8709,1,0
8710,0,0
8711,1,1
8712,0,0
8713,0,0
8714,1,1
8715,1,1
8716,1,1
8717,1,0
8718,1,1
8719,1,1
8720,1,0
8721,0,0
8722,1,1
8723,1,1
8724,0,1
8725,1,1
8726,1,1
8727,1,1
8728,0,1
8729,1,1
8730,1,0
8731,1,0
8732,1,0
8733,1,0
8734,0,0
8735,1,1
8736,0,1
8737,1,1
8738,1,0
8739,1,1
8740,1,1
8741,1,1
8742,1,1
8743,0,0
8744,0,1
8745,1,1
8746,0,0
8747,1,1
8748,1,0
8749,1,1
8750,1,0
8751,1,1
8752,1,0
8753,1,0
8754,0,1
8755,0,0
8756,1,0
8757,1,0
8758,1,0
8759,0,0
8760,0,1
8761,1,0
8762,0,0
8763,0,0
8764,0,1
8765,0,1
8766,1,0
8767,0,1
8768,0,0
8769,1,1
8770,1,0
8771,0,1
8772,0,1
8773,1,0
8774,0,1
8775,0,1
8776,0,0
8777,0,0
8778,1,1
8779,1,0
8780,0,0
8781,0,0
8782,1,0
8783,1,1
8784,1,1
8785,0,1
8786,1,1
8787,0,1
8788,1,1
8789,1,0
8790,0,1
8791,0,1
8792,1,1
8793,1,1
8794,1,1
8795,0,1
8796,1,0
8797,0,1
8798,0,0
8799,1,0
8800,1,1
8801,0,1
8802,0,0
8803,1,0
8804,1,1
8805,0,1
8806,0,1
8807,1,1
8808,0,0
8809,0,1
8810,0,1
8811,1,0
8812,1,0
8813,1,0
8814,0,0
8815,0,1
8816,0,1
8817,0,1
8818,0,0
8819,0,1
8820,1,0
8821,0,1
8822,0,1
8823,0,1
8824,0,0
8825,0,1
8826,0,0
8827,0,1
8828,0,1
8829,1,0
8830,0,0
8831,1,0
8832,1,1
8833,1,0
8834,1,1
8835,0,1
8836,1,1
8837,1,1
8838,0,1
8839,0,0
8840,0,0
8841,0,0
8842,1,1
8843,1,0
8844,1,1
8845,0,0
8846,0,0
8847,1,1
8848,1,1
8849,1,1
8850,1,1
8851,1,1
8852,0,0
8853,0,0
8854,1,1
8855,0,1
8856,0,0
8857,1,1
8858,1,0
8859,1,0
8860,1,0
8861,0,0
8862,0,1
8863,0,0
8864,0,1
8865,1,0
8866,0,1
8867,1,1
8868,0,1
8869,1,1
8870,1,1
8871,0,0
8872,0,0
8873,1,1
8874,1,1
8875,0,1
8876,1,1
8877,0,1
8878,0,1
8879,0,1
8880,0,1
8881,0,0
8882,1,1
8883,0,0
8884,1,1
8885,0,1
8886,1,1
8887,0,1
8888,1,1
8889,1,1
8890,0,1
8891,0,1
8892,1,0
8893,0,1
8894,1,1
8895,1,1
8896,0,0
8897,0,1
8898,0,1
8899,1,1
8900,0,0
8901,1,1
8902,1,1
8903,1,0
8904,1,0
8905,0,1
8906,1,0
8907,0,0
8908,1,1
8909,0,1
8910,0,1
8911,1,0
8912,0,0
8913,1,1
8914,1,1
8915,1,1
8916,1,1
8917,1,1
8918,1,1
8919,0,0
8920,1,1
8921,1,0
8922,1,1
8923,1,1
8924,0,1
8925,0,0
8926,1,1
8927,0,1
8928,1,1
8929,1,0
8930,0,1
8931,0,1
8932,0,1
8933,0,1
8934,1,0
8935,0,1
8936,1,1
8937,1,0
8938,1,1
8939,1,0
8940,0,0
8941,0,0
8942,0,1
8943,1,0
8944,1,1
8945,1,0
8946,1,1
8947,0,1
8948,1,0
8949,0,0
8950,1,0
8951,0,1
8952,1,1
8953,1,1
8954,1,0
8955,1,1
8956,1,1
8957,1,1
8958,0,1
8959,1,1
8960,0,1
8961,1,1
8962,1,1
8963,0,1
8964,0,1
8965,1,1
8966,1,1
8967,0,1
8968,0,1
8969,0,0
8970,1,1
8971,0,1
8972,1,1
8973,0,0
8974,1,1
8975,1,1
8976,1,0
8977,0,1
8978,0,1
8979,0,0
8980,1,1
8981,1,1
8982,1,1
8983,1,1
8984,0,1
8985,0,0
8986,1,1
8987,1,1
8988,1,1
8989,0,0
8990,0,0
8991,0,0
8992,1,1
8993,0,1
8994,1,1
8995,0,1
8996,0,1
8997,0,1
8998,1,0
8999,1,1
9000,1,0
9001,1,1
9002,1,0
9003,0,1
9004,0,0
9005,1,1
9006,1,0
9007,1,1
9008,0,0
9009,1,0
9010,1,1
9011,1,1
9012,1,1
9013,0,1
9014,1,1
9015,0,0
9016,1,1
9017,1,0
9018,0,1
9019,0,0
9020,1,0
9021,1,0
9022,1,0
9023,1,1
9024,1,1
9025,1,1
9026,1,1
9027,0,0
9028,1,1
9029,0,1
9030,1,1
9031,0,1
9032,1,0
9033,0,1
9034,1,1
9035,0,0
9036,1,0
9037,1,1
9038,1,1
9039,1,0
9040,0,1
9041,0,1
9042,0,0
9043,1,1
9044,1,1
9045,0,1
9046,1,1
9047,0,0
9048,0,0
9049,0,1
9050,1,0
9051,1,1
9052,1,0
9053,1,1
9054,1,0
9055,1,1
9056,1,0
9057,0,1
9058,1,1
9059,0,1
9060,1,1
9061,1,0
9062,0,0
9063,1,1
9064,1,0
9065,1,0
9066,1,0
9067,1,1
9068,1,1
9069,1,1
9070,0,1
9071,1,1
9072,1,1
9073,0,0
9074,0,1
9075,1,0
9076,0,1
9077,1,1
9078,1,1
9079,0,1
9080,1,0
9081,1,1
9082,1,0
9083,1,0
9084,0,0
9085,1,1
9086,1,0
9087,0,1
9088,1,1
9089,0,1
9090,1,0
9091,1,0
9092,1,1
9093,0,1
9094,1,0
9095,1,1
9096,0,1
9097,1,0
9098,0,0
9099,1,0
9100,1,0
9101,0,1
9102,0,0
9103,0,0
9104,1,1
9105,1,1
9106,0,1
9107,1,1
9108,1,1
9109,1,1
9110,1,0
9111,1,0
9112,1,0
9113,1,0
9114,0,1
9115,1,1
9116,1,0
9117,1,1
9118,1,1
9119,1,0
9120,0,1
9121,0,1
9122,1,0
9123,0,1
9124,0,1
9125,0,0
9126,0,1
9127,0,0
9128,0,0
9129,1,1
9130,0,1
9131,0,1
9132,0,1
9133,0,1
9134,0,1
9135,0,1
9136,1,1
9137,1,0
9138,1,0
9139,0,1
9140,1,1
9141,1,1
9142,0,1
9143,1,1
9144,1,1
9145,1,1
9146,1,1
9147,1,1
9148,1,1
9149,1,1
9150,0,0
9151,0,1
9152,1,0
9153,0,0
9154,1,1
9155,0,1
9156,1,1
9157,0,1
9158,0,0
9159,0,1
9160,1,1
9161,0,1
9162,1,0
9163,1,0
9164,0,1
9165,1,1
9166,1,1
9167,0,1
9168,0,1
9169,1,0
9170,0,0
9171,0,0
9172,1,1
9173,1,0
9174,0,0
9175,0,0
9176,1,1
9177,0,1
9178,0,1
9179,0,1
9180,1,0
9181,0,0
9182,1,0
9183,1,1
9184,0,0
9185,1,0
9186,1,1
9187,0,1
9188,0,0
9189,1,0
9190,1,0
9191,0,0
9192,1,1
9193,0,0
9194,0,0
9195,1,1
9196,0,0
9197,1,0
9198,1,0
9199,1,1
9200,1,1
9201,0,1
9202,0,1
9203,1,1
9204,0,1
9205,1,0
9206,1,1
9207,0,1
9208,1,1
9209,0,1
9210,0,0
9211,1,1
9212,0,1
9213,0,1
9214,1,1
9215,1,1
9216,0,1
9217,1,1
9218,1,1
9219,0,1
9220,1,0
9221,1,1
9222,1,1
9223,0,1
9224,1,1
9225,1,1
9226,0,0
9227,0,1
9228,0,1
9229,1,1
9230,0,1
9231,0,0
9232,0,1
9233,1,1
9234,1,1
9235,1,1
9236,1,0
9237,0,1
9238,1,1
9239,0,1
9240,0,1
9241,1,1
9242,0,1
9243,0,1
9244,0,0
9245,1,1
9246,1,0
9247,1,0
9248,0,1
9249,1,1
9250,1,1
9251,1,0
9252,1,1
9253,1,0
9254,1,0
9255,1,0
9256,1,0
9257,0,1
9258,1,1
9259,1,0
9260,0,1
9261,1,1
9262,1,0
9263,0,0
9264,1,1
9265,0,1
9266,0,1
9267,1,1
9268,0,1
9269,0,1
9270,0,1
9271,0,0
9272,1,1
9273,1,1
9274,0,0
9275,1,1
9276,1,1
9277,0,1
9278,1,1
9279,0,0
9280,1,1
9281,1,1
9282,1,0
9283,0,1
9284,0,1
9285,1,0
9286,1,1
9287,1,1
9288,1,1
9289,1,1
9290,0,1
9291,0,0
9292,0,0
9293,0,0
9294,1,0
9295,0,0
9296,1,1
9297,1,0
9298,1,0
9299,1,1
9300,0,0
9301,1,0
9302,1,1
9303,0,0
9304,0,1
9305,0,1
9306,0,1
9307,1,0
9308,0,0
9309,1,1
9310,0,1
9311,1,0
9312,1,0
9313,0,0
9314,0,0
9315,1,1
9316,0,0
9317,1,1
9318,0,1
9319,0,1
9320,0,0
9321,1,1
9322,1,1
9323,0,0
9324,1,1
9325,0,0
9326,1,1
9327,0,1
9328,1,1
9329,1,1
9330,1,1
9331,1,1
9332,0,0
9333,1,1
9334,0,1
9335,1,0
9336,1,1
9337,0,1
9338,1,0
9339,1,1
9340,1,1
9341,1,1
9342,1,1
9343,0,1
9344,0,1
9345,0,0
9346,1,1
9347,0,0
9348,0,1
9349,0,1
9350,0,1
9351,0,0
9352,1,1
9353,0,1
9354,0,0
9355,1,0
9356,1,1
9357,1,0
9358,1,1
9359,0,0
9360,1,1
9361,1,0
9362,1,0
9363,0,0
9364,1,0
9365,0,1
9366,0,1
9367,1,0
9368,0,1
9369,0,0
9370,0,1
9371,0,1
9372,0,0
9373,0,0
9374,1,0
9375,1,1
9376,0,0
9377,0,0
9378,0,1
9379,1,0
9380,0,1
9381,1,1
9382,1,0
9383,1,1
9384,1,1
9385,0,0
9386,1,1
9387,0,0
9388,0,0
9389,0,1
9390,1,0
9391,1,1
9392,1,0
9393,1,0
9394,0,0
9395,1,0
9396,0,1
9397,1,1
9398,1,0
9399,0,1
9400,1,1
9401,1,0
9402,1,0
9403,1,1
9404,1,0
9405,1,1
9406,0,0
9407,1,1
9408,1,1
9409,1,1
9410,1,1
9411,1,1
9412,0,1
9413,1,1
9414,1,0
9415,0,1
9416,1,1
9417,1,1
9418,1,1
9419,1,1
9420,0,0
9421,1,1
9422,0,1
9423,0,0
9424,1,0
9425,1,1
9426,0,0
9427,0,1
9428,0,0
9429,0,1
9430,0,0
9431,1,1
9432,0,1
9433,1,1
9434,1,1
9435,1,1
9436,0,0
9437,0,1
9438,0,1
9439,0,0
9440,0,1
9441,0,1
9442,1,1
9443,0,1
9444,1,1
9445,1,0
9446,0,1
9447,0,1
9448,1,1
9449,1,1
9450,1,0
9451,1,1
9452,1,0
9453,0,1
9454,1,0
9455,0,0
9456,1,0
9457,0,1
9458,1,1
9459,1,0
9460,0,1
9461,0,1
9462,1,1
9463,0,1
9464,1,1
9465,0,1
9466,0,1
9467,1,0
9468,0,0
9469,0,1
9470,0,1
9471,0,0
9472,1,0
9473,1,0
9474,1,0
9475,0,1
9476,1,0
9477,0,1
9478,1,0
9479,0,0
9480,0,1
9481,0,1
9482,1,0
9483,1,0
9484,1,0
9485,1,1
9486,0,0
9487,0,1
9488,1,1
9489,0,0
9490,1,0
9491,0,0
9492,1,0
9493,1,1
9494,1,1
9495,0,0
9496,0,0
9497,0,0
9498,1,1
9499,0,1
9500,0,0
9501,0,1
9502,0,1
9503,1,1
9504,1,0
9505,0,1
9506,0,1
9507,1,0
9508,0,0
9509,1,0
9510,1,1
9511,1,0
9512,0,1
9513,0,0
9514,1,1
9515,0,0
9516,1,1
9517,1,0
9518,1,1
9519,0,1
9520,1,1
9521,1,0
9522,0,1
9523,1,0
9524,0,1
9525,0,0
9526,0,1
9527,1,1
9528,0,0
9529,0,1
9530,1,0
9531,1,0
9532,0,1
9533,1,1
9534,0,1
9535,1,1
9536,1,0
9537,1,0
9538,0,1
9539,0,1
9540,1,0
9541,0,1
9542,1,1
9543,1,1
9544,1,0
9545,1,1
9546,1,0
9547,1,0
9548,1,0
9549,0,0
9550,0,0
9551,0,1
9552,1,1
9553,0,1
9554,1,0
9555,1,1
9556,1,0
9557,1,0
9558,1,1
9559,0,0
9560,1,1
9561,0,1
9562,1,1
9563,1,0
9564,1,1
9565,1,0
9566,0,1
9567,0,1
9568,1,1
9569,1,1
9570,1,0
9571,0,1
9572,1,1
9573,1,1
9574,1,1
9575,0,1
9576,0,1
9577,0,1
9578,1,1
9579,0,0
9580,1,0
9581,0,1
9582,0,0
9583,0,0
9584,0,1
9585,0,0
9586,1,0
9587,1,1
9588,0,1
9589,1,1
9590,0,0
9591,1,1
9592,1,1
9593,0,1
9594,0,1
9595,1,1
9596,1,0
9597,1,0
9598,1,1
9599,1,1
9600,1,1
9601,1,1
9602,0,0
9603,1,0
9604,1,0
9605,1,1
9606,0,0
9607,0,1
9608,1,1
9609,0,1
9610,1,1
9611,1,1
9612,1,1
9613,1,1
9614,1,0
9615,1,1
9616,1,1
9617,1,0
9618,1,0
9619,1,0
9620,0,1
9621,1,0
9622,0,0
9623,1,1
9624,1,0
9625,1,0
9626,1,0
9627,0,1
9628,1,0
9629,0,0
9630,0,0
9631,1,1
9632,1,1
9633,1,0
9634,1,1
9635,1,0
9636,1,0
9637,0,0
9638,1,0
9639,1,1
9640,1,1
9641,1,0
9642,0,0
9643,0,0
9644,1,0
9645,1,0
9646,0,1
9647,1,1
9648,0,1
9649,0,0
9650,1,1
9651,1,0
9652,1,0
9653,1,1
9654,1,1
9655,1,1
9656,0,1
9657,0,0
9658,1,0
9659,1,1
9660,0,0
9661,0,1
9662,0,0
9663,1,0
9664,0,0
9665,1,1
9666,1,1
9667,1,1
9668,1,1
9669,0,1
9670,0,1
9671,0,1
9672,1,0
9673,1,1
9674,1,1
9675,0,1
9676,1,0
9677,0,0
9678,1,1
9679,1,1
9680,1,0
9681,0,1
9682,0,1
9683,1,1
9684,0,0
9685,0,0
9686,0,0
9687,1,1
9688,0,1
9689,0,0
9690,0,0
9691,0,1
9692,1,1
9693,0,1
9694,1,1
9695,1,0
9696,1,1
9697,0,0
9698,1,1
9699,1,0
9700,0,1
9701,1,0
9702,0,1
9703,1,0
9704,1,0
9705,0,1
9706,1,1
9707,0,1
9708,0,1
9709,0,0
9710,1,1
9711,0,0
9712,0,1
9713,0,0
9714,0,1
9715,1,0
9716,0,1
9717,0,1
9718,1,1
9719,1,1
9720,1,0
9721,1,0
9722,1,1
9723,0,0
9724,1,1
9725,1,1
9726,0,0
9727,1,1
9728,0,0
9729,1,1
9730,1,0
9731,0,1
9732,0,1
9733,1,1
9734,0,0
9735,1,1
9736,0,0
9737,0,1
9738,1,1
9739,0,1
9740,0,0
9741,1,0
9742,0,1
9743,1,1
9744,1,1
9745,1,0
9746,1,1
9747,0,0
9748,1,1
9749,1,0
9750,0,1
9751,1,0
9752,1,1
9753,1,0
9754,1,0
9755,0,0
9756,1,1
9757,0,1
9758,1,0
9759,0,0
9760,0,1
9761,1,0
9762,0,0
9763,1,1
9764,0,0
9765,0,0
9766,1,0
9767,1,1
9768,1,0
9769,1,1
9770,1,0
9771,1,1
9772,1,1
9773,1,0
9774,1,1
9775,0,1
9776,0,1
9777,1,1
9778,1,0
9779,1,1
9780,0,1
9781,1,0
9782,0,1
9783,0,0
9784,1,0
9785,1,1
9786,1,1
9787,0,1
9788,0,0
9789,0,1
9790,0,0
9791,1,1
9792,1,1
9793,0,1
9794,0,1
9795,1,1
9796,1,0
9797,1,0
9798,1,0
9799,0,0
9800,1,1
9801,0,1
9802,0,1
9803,0,1
9804,0,0
9805,1,1
9806,1,1
9807,1,1
9808,1,0
9809,0,1
9810,1,1
9811,0,1
9812,1,1
9813,1,1
9814,0,1
9815,1,1
9816,0,1
9817,1,0
9818,1,0
9819,1,0
9820,1,1
9821,1,0
9822,1,1
9823,1,0
9824,0,1
9825,0,0
9826,1,0
9827,1,1
9828,0,1
9829,0,1
9830,0,1
9831,1,0
9832,0,0
9833,1,1
9834,1,0
9835,1,1
9836,0,0
9837,1,0
9838,1,0
9839,1,1
9840,0,1
9841,1,0
9842,0,1
9843,0,0
9844,1,0
9845,1,1
9846,1,1
9847,0,1
9848,1,1
9849,1,0
9850,1,1
9851,1,0
9852,1,1
9853,1,1
9854,1,1
9855,0,0
9856,1,0
9857,1,0
9858,1,0
9859,1,0
9860,0,0
9861,0,1
9862,0,0
9863,1,1
9864,1,1
9865,0,0
9866,1,1
9867,0,0
9868,1,1
9869,1,0
9870,0,1
9871,1,0
9872,1,1
9873,0,0
9874,0,1
9875,1,0
9876,0,0
9877,0,1
9878,0,0
9879,0,0
9880,1,0
9881,0,1
9882,0,1
9883,0,0
9884,1,0
9885,0,0
9886,1,1
9887,1,0
9888,0,1
9889,1,1
9890,0,1
9891,1,0
9892,0,0
9893,1,1
9894,1,0
9895,1,0
9896,0,0
9897,1,1
9898,1,1
9899,1,0
9900,1,1
9901,1,0
9902,1,1
9903,1,1
9904,0,1
9905,0,0
9906,0,1
9907,0,1
9908,1,1
9909,0,1
9910,0,0
9911,0,1
9912,0,1
9913,1,1
9914,1,0
9915,1,1
9916,0,0
9917,1,0
9918,1,1
9919,1,0
9920,1,1
9921,0,1
9922,0,0
9923,1,0
9924,1,1
9925,1,1
9926,0,0
9927,1,1
9928,0,1
9929,1,1
9930,1,0
9931,1,0
9932,1,0
9933,1,0
9934,0,1
9935,1,1
9936,1,1
9937,0,0
9938,1,0
9939,1,1
9940,1,0
9941,0,1
9942,1,1
9943,0,1
9944,1,0
9945,1,1
9946,1,1
9947,1,1
9948,1,0
9949,1,0
9950,1,0
9951,0,0
9952,0,1
9953,0,1
9954,1,0
9955,0,0
9956,0,0
9957,1,0
9958,0,1
9959,0,0
9960,0,0
9961,1,1
9962,1,1
9963,1,0
9964,0,1
9965,1,0
9966,1,0
9967,1,1
9968,1,1
9969,1,1
9970,0,1
9971,0,0
9972,0,0
9973,1,1
9974,0,1
9975,0,0
9976,1,1
9977,1,1
9978,0,0
9979,1,0
9980,0,1
9981,1,0
9982,1,0
9983,0,1
9984,0,1
9985,1,1
9986,0,1
9987,0,1
9988,1,1
9989,0,0
9990,0,0
9991,1,1
9992,0,0
9993,1,0
9994,1,1
9995,0,1
9996,0,1
9997,1,1
9998,1,0
9999,1,1
